Conference Features	Application Sharing	PharmaCAST|PharMethod	0
Conference Features	Annotation and Drawing Tools	PharmaCAST|PharMethod	0
Conference Features	Audio	PharmaCAST|PharMethod	1
Conference Features	Instant Messaging	PharmaCAST|PharMethod	1
Conference Features	Remove Attendee from Meeting	PharmaCAST|PharMethod	0
Conference Features	File Transfer via Virtual Storage Room	PharmaCAST|PharMethod	0
Conference Features	Whiteboards	PharmaCAST|PharMethod	0
Conference Features	Slide Show	PharmaCAST|PharMethod	0
Conference Features	Screen Sharing	PharmaCAST|PharMethod	0
Conference Features	Desktop Sharing	PharmaCAST|PharMethod	0
Conference Features	Break-Out Sessions	PharmaCAST|PharMethod	0
Conference Features	Web Tours	PharmaCAST|PharMethod	0
Conference Features	Video/Webcam	PharmaCAST|PharMethod	1
Conference Features	Full Screen/ Partial Screen Mode	PharmaCAST|PharMethod	0
Conference Features	File Transfer	PharmaCAST|PharMethod	0
Conference Features	Application Sharing	StartVisuals	1
Conference Features	Annotation and Drawing Tools	StartVisuals	0
Conference Features	Audio	StartVisuals	1
Conference Features	Instant Messaging	StartVisuals	1
Conference Features	Remove Attendee from Meeting	StartVisuals	0
Conference Features	File Transfer via Virtual Storage Room	StartVisuals	1
Conference Features	Whiteboards	StartVisuals	0
Conference Features	Slide Show	StartVisuals	0
Conference Features	Screen Sharing	StartVisuals	0
Conference Features	Desktop Sharing	StartVisuals	1
Conference Features	Break-Out Sessions	StartVisuals	0
Conference Features	Web Tours	StartVisuals	1
Conference Features	Video/Webcam	StartVisuals	0
Conference Features	Full Screen/ Partial Screen Mode	StartVisuals	0
Conference Features	File Transfer	StartVisuals	0
Conference Features	Application Sharing	FreeConference	0
Conference Features	Annotation and Drawing Tools	FreeConference	0
Conference Features	Audio	FreeConference	1
Conference Features	Instant Messaging	FreeConference	1
Conference Features	Remove Attendee from Meeting	FreeConference	0
Conference Features	File Transfer via Virtual Storage Room	FreeConference	0
Conference Features	Whiteboards	FreeConference	0
Conference Features	Slide Show	FreeConference	0
Conference Features	Screen Sharing	FreeConference	1
Conference Features	Desktop Sharing	FreeConference	1
Conference Features	Break-Out Sessions	FreeConference	1
Conference Features	Web Tours	FreeConference	0
Conference Features	Video/Webcam	FreeConference	1
Conference Features	Full Screen/ Partial Screen Mode	FreeConference	1
Conference Features	File Transfer	FreeConference	0
Conference Features	Application Sharing	WebHuddle	1
Conference Features	Annotation and Drawing Tools	WebHuddle	0
Conference Features	Audio	WebHuddle	1
Conference Features	Instant Messaging	WebHuddle	0
Conference Features	Remove Attendee from Meeting	WebHuddle	0
Conference Features	File Transfer via Virtual Storage Room	WebHuddle	0
Conference Features	Whiteboards	WebHuddle	1
Conference Features	Slide Show	WebHuddle	0
Conference Features	Screen Sharing	WebHuddle	0
Conference Features	Desktop Sharing	WebHuddle	1
Conference Features	Break-Out Sessions	WebHuddle	0
Conference Features	Web Tours	WebHuddle	0
Conference Features	Video/Webcam	WebHuddle	0
Conference Features	Full Screen/ Partial Screen Mode	WebHuddle	0
Conference Features	File Transfer	WebHuddle	0
Conference Features	Application Sharing	BabelTree	0
Conference Features	Annotation and Drawing Tools	BabelTree	0
Conference Features	Audio	BabelTree	0
Conference Features	Instant Messaging	BabelTree	0
Conference Features	Remove Attendee from Meeting	BabelTree	0
Conference Features	File Transfer via Virtual Storage Room	BabelTree	1
Conference Features	Whiteboards	BabelTree	0
Conference Features	Slide Show	BabelTree	0
Conference Features	Screen Sharing	BabelTree	0
Conference Features	Desktop Sharing	BabelTree	0
Conference Features	Break-Out Sessions	BabelTree	0
Conference Features	Web Tours	BabelTree	0
Conference Features	Video/Webcam	BabelTree	1
Conference Features	Full Screen/ Partial Screen Mode	BabelTree	0
Conference Features	File Transfer	BabelTree	1
Conference Features	Application Sharing	eXo Platform with Chat Addon	0
Conference Features	Annotation and Drawing Tools	eXo Platform with Chat Addon	0
Conference Features	Audio	eXo Platform with Chat Addon	0
Conference Features	Instant Messaging	eXo Platform with Chat Addon	1
Conference Features	Remove Attendee from Meeting	eXo Platform with Chat Addon	0
Conference Features	File Transfer via Virtual Storage Room	eXo Platform with Chat Addon	1
Conference Features	Whiteboards	eXo Platform with Chat Addon	0
Conference Features	Slide Show	eXo Platform with Chat Addon	0
Conference Features	Screen Sharing	eXo Platform with Chat Addon	0
Conference Features	Desktop Sharing	eXo Platform with Chat Addon	0
Conference Features	Break-Out Sessions	eXo Platform with Chat Addon	0
Conference Features	Web Tours	eXo Platform with Chat Addon	0
Conference Features	Video/Webcam	eXo Platform with Chat Addon	1
Conference Features	Full Screen/ Partial Screen Mode	eXo Platform with Chat Addon	0
Conference Features	File Transfer	eXo Platform with Chat Addon	0
Conference Features	Application Sharing	Omnijoin	1
Conference Features	Annotation and Drawing Tools	Omnijoin	1
Conference Features	Audio	Omnijoin	1
Conference Features	Instant Messaging	Omnijoin	1
Conference Features	Remove Attendee from Meeting	Omnijoin	0
Conference Features	File Transfer via Virtual Storage Room	Omnijoin	0
Conference Features	Whiteboards	Omnijoin	1
Conference Features	Slide Show	Omnijoin	1
Conference Features	Screen Sharing	Omnijoin	1
Conference Features	Desktop Sharing	Omnijoin	1
Conference Features	Break-Out Sessions	Omnijoin	0
Conference Features	Web Tours	Omnijoin	0
Conference Features	Video/Webcam	Omnijoin	1
Conference Features	Full Screen/ Partial Screen Mode	Omnijoin	0
Conference Features	File Transfer	Omnijoin	1
Conference Features	Application Sharing	ReadyTalk	1
Conference Features	Annotation and Drawing Tools	ReadyTalk	1
Conference Features	Audio	ReadyTalk	1
Conference Features	Instant Messaging	ReadyTalk	0
Conference Features	Remove Attendee from Meeting	ReadyTalk	0
Conference Features	File Transfer via Virtual Storage Room	ReadyTalk	0
Conference Features	Whiteboards	ReadyTalk	0
Conference Features	Slide Show	ReadyTalk	1
Conference Features	Screen Sharing	ReadyTalk	0
Conference Features	Desktop Sharing	ReadyTalk	1
Conference Features	Break-Out Sessions	ReadyTalk	0
Conference Features	Web Tours	ReadyTalk	1
Conference Features	Video/Webcam	ReadyTalk	0
Conference Features	Full Screen/ Partial Screen Mode	ReadyTalk	0
Conference Features	File Transfer	ReadyTalk	1
Conference Features	Application Sharing	facilitate	1
Conference Features	Annotation and Drawing Tools	facilitate	1
Conference Features	Audio	facilitate	1
Conference Features	Instant Messaging	facilitate	0
Conference Features	Remove Attendee from Meeting	facilitate	0
Conference Features	File Transfer via Virtual Storage Room	facilitate	0
Conference Features	Whiteboards	facilitate	0
Conference Features	Slide Show	facilitate	0
Conference Features	Screen Sharing	facilitate	0
Conference Features	Desktop Sharing	facilitate	1
Conference Features	Break-Out Sessions	facilitate	0
Conference Features	Web Tours	facilitate	0
Conference Features	Video/Webcam	facilitate	0
Conference Features	Full Screen/ Partial Screen Mode	facilitate	0
Conference Features	File Transfer	facilitate	0
Conference Features	Application Sharing	Paltalk	0
Conference Features	Annotation and Drawing Tools	Paltalk	0
Conference Features	Audio	Paltalk	1
Conference Features	Instant Messaging	Paltalk	1
Conference Features	Remove Attendee from Meeting	Paltalk	1
Conference Features	File Transfer via Virtual Storage Room	Paltalk	0
Conference Features	Whiteboards	Paltalk	0
Conference Features	Slide Show	Paltalk	0
Conference Features	Screen Sharing	Paltalk	0
Conference Features	Desktop Sharing	Paltalk	0
Conference Features	Break-Out Sessions	Paltalk	0
Conference Features	Web Tours	Paltalk	0
Conference Features	Video/Webcam	Paltalk	1
Conference Features	Full Screen/ Partial Screen Mode	Paltalk	0
Conference Features	File Transfer	Paltalk	0
Meeting Follow-up Features	Participant Reporting	PharmaCAST|PharMethod	1
Meeting Follow-up Features	Inactivity Time-outs	PharmaCAST|PharMethod	0
Meeting Follow-up Features	Surveys and Polls	PharmaCAST|PharMethod	1
Meeting Follow-up Features	Meeting Recording/ Playback	PharmaCAST|PharMethod	0
Meeting Follow-up Features	Participant Reporting	StartVisuals	0
Meeting Follow-up Features	Inactivity Time-outs	StartVisuals	0
Meeting Follow-up Features	Surveys and Polls	StartVisuals	1
Meeting Follow-up Features	Meeting Recording/ Playback	StartVisuals	1
Meeting Follow-up Features	Participant Reporting	FreeConference	1
Meeting Follow-up Features	Inactivity Time-outs	FreeConference	0
Meeting Follow-up Features	Surveys and Polls	FreeConference	0
Meeting Follow-up Features	Meeting Recording/ Playback	FreeConference	1
Meeting Follow-up Features	Participant Reporting	WebHuddle	0
Meeting Follow-up Features	Inactivity Time-outs	WebHuddle	0
Meeting Follow-up Features	Surveys and Polls	WebHuddle	0
Meeting Follow-up Features	Meeting Recording/ Playback	WebHuddle	1
Meeting Follow-up Features	Participant Reporting	BabelTree	0
Meeting Follow-up Features	Inactivity Time-outs	BabelTree	0
Meeting Follow-up Features	Surveys and Polls	BabelTree	1
Meeting Follow-up Features	Meeting Recording/ Playback	BabelTree	0
Meeting Follow-up Features	Participant Reporting	eXo Platform with Chat Addon	0
Meeting Follow-up Features	Inactivity Time-outs	eXo Platform with Chat Addon	0
Meeting Follow-up Features	Surveys and Polls	eXo Platform with Chat Addon	1
Meeting Follow-up Features	Meeting Recording/ Playback	eXo Platform with Chat Addon	0
Meeting Follow-up Features	Participant Reporting	Omnijoin	0
Meeting Follow-up Features	Inactivity Time-outs	Omnijoin	0
Meeting Follow-up Features	Surveys and Polls	Omnijoin	0
Meeting Follow-up Features	Meeting Recording/ Playback	Omnijoin	1
Meeting Follow-up Features	Participant Reporting	ReadyTalk	1
Meeting Follow-up Features	Inactivity Time-outs	ReadyTalk	1
Meeting Follow-up Features	Surveys and Polls	ReadyTalk	1
Meeting Follow-up Features	Meeting Recording/ Playback	ReadyTalk	1
Meeting Follow-up Features	Participant Reporting	facilitate	0
Meeting Follow-up Features	Inactivity Time-outs	facilitate	0
Meeting Follow-up Features	Surveys and Polls	facilitate	1
Meeting Follow-up Features	Meeting Recording/ Playback	facilitate	0
Meeting Follow-up Features	Participant Reporting	Paltalk	0
Meeting Follow-up Features	Inactivity Time-outs	Paltalk	0
Meeting Follow-up Features	Surveys and Polls	Paltalk	1
Meeting Follow-up Features	Meeting Recording/ Playback	Paltalk	0
Security Features	Encryption	PharmaCAST|PharMethod	0
Security Features	One Time Password	PharmaCAST|PharMethod	0
Security Features	User Authentication	PharmaCAST|PharMethod	0
Security Features	Security Control Over Desktop Sharing	PharmaCAST|PharMethod	0
Security Features	Encryption	StartVisuals	1
Security Features	One Time Password	StartVisuals	0
Security Features	User Authentication	StartVisuals	1
Security Features	Security Control Over Desktop Sharing	StartVisuals	0
Security Features	Encryption	FreeConference	0
Security Features	One Time Password	FreeConference	0
Security Features	User Authentication	FreeConference	0
Security Features	Security Control Over Desktop Sharing	FreeConference	1
Security Features	Encryption	WebHuddle	1
Security Features	One Time Password	WebHuddle	0
Security Features	User Authentication	WebHuddle	0
Security Features	Security Control Over Desktop Sharing	WebHuddle	0
Security Features	Encryption	BabelTree	0
Security Features	One Time Password	BabelTree	0
Security Features	User Authentication	BabelTree	0
Security Features	Security Control Over Desktop Sharing	BabelTree	0
Security Features	Encryption	eXo Platform with Chat Addon	0
Security Features	One Time Password	eXo Platform with Chat Addon	0
Security Features	User Authentication	eXo Platform with Chat Addon	0
Security Features	Security Control Over Desktop Sharing	eXo Platform with Chat Addon	0
Security Features	Encryption	Omnijoin	1
Security Features	One Time Password	Omnijoin	0
Security Features	User Authentication	Omnijoin	0
Security Features	Security Control Over Desktop Sharing	Omnijoin	0
Security Features	Encryption	ReadyTalk	1
Security Features	One Time Password	ReadyTalk	1
Security Features	User Authentication	ReadyTalk	1
Security Features	Security Control Over Desktop Sharing	ReadyTalk	1
Security Features	Encryption	facilitate	0
Security Features	One Time Password	facilitate	0
Security Features	User Authentication	facilitate	0
Security Features	Security Control Over Desktop Sharing	facilitate	0
Security Features	Encryption	Paltalk	0
Security Features	One Time Password	Paltalk	0
Security Features	User Authentication	Paltalk	0
Security Features	Security Control Over Desktop Sharing	Paltalk	0
Invitation Features	Schedule Recurring Meetings	PharmaCAST|PharMethod	0
Invitation Features	Schedule Meetings	PharmaCAST|PharMethod	1
Invitation Features	Calendar for Meetings	PharmaCAST|PharMethod	0
Invitation Features	Ad-Hoc/Instant Meetings	PharmaCAST|PharMethod	1
Invitation Features	Schedule Recurring Meetings	StartVisuals	0
Invitation Features	Schedule Meetings	StartVisuals	0
Invitation Features	Calendar for Meetings	StartVisuals	0
Invitation Features	Ad-Hoc/Instant Meetings	StartVisuals	1
Invitation Features	Schedule Recurring Meetings	FreeConference	1
Invitation Features	Schedule Meetings	FreeConference	1
Invitation Features	Calendar for Meetings	FreeConference	1
Invitation Features	Ad-Hoc/Instant Meetings	FreeConference	0
Invitation Features	Schedule Recurring Meetings	WebHuddle	0
Invitation Features	Schedule Meetings	WebHuddle	1
Invitation Features	Calendar for Meetings	WebHuddle	0
Invitation Features	Ad-Hoc/Instant Meetings	WebHuddle	0
Invitation Features	Schedule Recurring Meetings	BabelTree	0
Invitation Features	Schedule Meetings	BabelTree	1
Invitation Features	Calendar for Meetings	BabelTree	0
Invitation Features	Ad-Hoc/Instant Meetings	BabelTree	0
Invitation Features	Schedule Recurring Meetings	eXo Platform with Chat Addon	0
Invitation Features	Schedule Meetings	eXo Platform with Chat Addon	0
Invitation Features	Calendar for Meetings	eXo Platform with Chat Addon	1
Invitation Features	Ad-Hoc/Instant Meetings	eXo Platform with Chat Addon	0
Invitation Features	Schedule Recurring Meetings	Omnijoin	0
Invitation Features	Schedule Meetings	Omnijoin	0
Invitation Features	Calendar for Meetings	Omnijoin	0
Invitation Features	Ad-Hoc/Instant Meetings	Omnijoin	1
Invitation Features	Schedule Recurring Meetings	ReadyTalk	1
Invitation Features	Schedule Meetings	ReadyTalk	1
Invitation Features	Calendar for Meetings	ReadyTalk	1
Invitation Features	Ad-Hoc/Instant Meetings	ReadyTalk	1
Invitation Features	Schedule Recurring Meetings	facilitate	0
Invitation Features	Schedule Meetings	facilitate	0
Invitation Features	Calendar for Meetings	facilitate	0
Invitation Features	Ad-Hoc/Instant Meetings	facilitate	0
Invitation Features	Schedule Recurring Meetings	Paltalk	0
Invitation Features	Schedule Meetings	Paltalk	0
Invitation Features	Calendar for Meetings	Paltalk	0
Invitation Features	Ad-Hoc/Instant Meetings	Paltalk	1
Conference Features	Application Sharing	Meetin.gs	0
Conference Features	Annotation and Drawing Tools	Meetin.gs	0
Conference Features	Audio	Meetin.gs	1
Conference Features	Instant Messaging	Meetin.gs	0
Conference Features	File Transfer via Virtual Storage Room	Meetin.gs	0
Conference Features	Whiteboards	Meetin.gs	0
Conference Features	Slide Show	Meetin.gs	0
Conference Features	Screen Sharing	Meetin.gs	0
Conference Features	Desktop Sharing	Meetin.gs	0
Conference Features	Web Tours	Meetin.gs	0
Conference Features	Always-On Conferencing	Meetin.gs	0
Conference Features	Video/Webcam	Meetin.gs	1
Conference Features	Full Screen/ Partial Screen Mode	Meetin.gs	0
Conference Features	Co-Browsing	Meetin.gs	0
Conference Features	File Transfer	Meetin.gs	0
Conference Features	Application Sharing	ezTalks	0
Conference Features	Annotation and Drawing Tools	ezTalks	1
Conference Features	Audio	ezTalks	1
Conference Features	Instant Messaging	ezTalks	1
Conference Features	File Transfer via Virtual Storage Room	ezTalks	0
Conference Features	Whiteboards	ezTalks	1
Conference Features	Slide Show	ezTalks	0
Conference Features	Screen Sharing	ezTalks	1
Conference Features	Desktop Sharing	ezTalks	1
Conference Features	Web Tours	ezTalks	1
Conference Features	Always-On Conferencing	ezTalks	0
Conference Features	Video/Webcam	ezTalks	1
Conference Features	Full Screen/ Partial Screen Mode	ezTalks	0
Conference Features	Co-Browsing	ezTalks	0
Conference Features	File Transfer	ezTalks	1
Conference Features	Application Sharing	Bitrix24	0
Conference Features	Annotation and Drawing Tools	Bitrix24	0
Conference Features	Audio	Bitrix24	1
Conference Features	Instant Messaging	Bitrix24	1
Conference Features	File Transfer via Virtual Storage Room	Bitrix24	0
Conference Features	Whiteboards	Bitrix24	1
Conference Features	Slide Show	Bitrix24	0
Conference Features	Screen Sharing	Bitrix24	1
Conference Features	Desktop Sharing	Bitrix24	1
Conference Features	Web Tours	Bitrix24	1
Conference Features	Always-On Conferencing	Bitrix24	0
Conference Features	Video/Webcam	Bitrix24	1
Conference Features	Full Screen/ Partial Screen Mode	Bitrix24	0
Conference Features	Co-Browsing	Bitrix24	0
Conference Features	File Transfer	Bitrix24	0
Conference Features	Application Sharing	VideoMost	1
Conference Features	Annotation and Drawing Tools	VideoMost	0
Conference Features	Audio	VideoMost	1
Conference Features	Instant Messaging	VideoMost	1
Conference Features	File Transfer via Virtual Storage Room	VideoMost	0
Conference Features	Whiteboards	VideoMost	1
Conference Features	Slide Show	VideoMost	0
Conference Features	Screen Sharing	VideoMost	1
Conference Features	Desktop Sharing	VideoMost	1
Conference Features	Web Tours	VideoMost	0
Conference Features	Always-On Conferencing	VideoMost	0
Conference Features	Video/Webcam	VideoMost	1
Conference Features	Full Screen/ Partial Screen Mode	VideoMost	0
Conference Features	Co-Browsing	VideoMost	0
Conference Features	File Transfer	VideoMost	0
Conference Features	Application Sharing	FaceMe	0
Conference Features	Annotation and Drawing Tools	FaceMe	0
Conference Features	Audio	FaceMe	0
Conference Features	Instant Messaging	FaceMe	1
Conference Features	File Transfer via Virtual Storage Room	FaceMe	1
Conference Features	Whiteboards	FaceMe	1
Conference Features	Slide Show	FaceMe	1
Conference Features	Screen Sharing	FaceMe	1
Conference Features	Desktop Sharing	FaceMe	0
Conference Features	Web Tours	FaceMe	0
Conference Features	Always-On Conferencing	FaceMe	0
Conference Features	Video/Webcam	FaceMe	1
Conference Features	Full Screen/ Partial Screen Mode	FaceMe	1
Conference Features	Co-Browsing	FaceMe	0
Conference Features	File Transfer	FaceMe	1
Conference Features	Application Sharing	Highfive	1
Conference Features	Annotation and Drawing Tools	Highfive	0
Conference Features	Audio	Highfive	1
Conference Features	Instant Messaging	Highfive	0
Conference Features	File Transfer via Virtual Storage Room	Highfive	0
Conference Features	Whiteboards	Highfive	0
Conference Features	Slide Show	Highfive	1
Conference Features	Screen Sharing	Highfive	1
Conference Features	Desktop Sharing	Highfive	1
Conference Features	Web Tours	Highfive	0
Conference Features	Always-On Conferencing	Highfive	1
Conference Features	Video/Webcam	Highfive	1
Conference Features	Full Screen/ Partial Screen Mode	Highfive	1
Conference Features	Co-Browsing	Highfive	1
Conference Features	File Transfer	Highfive	0
Conference Features	Application Sharing	eLecta Live	0
Conference Features	Annotation and Drawing Tools	eLecta Live	1
Conference Features	Audio	eLecta Live	1
Conference Features	Instant Messaging	eLecta Live	0
Conference Features	File Transfer via Virtual Storage Room	eLecta Live	1
Conference Features	Whiteboards	eLecta Live	1
Conference Features	Slide Show	eLecta Live	0
Conference Features	Screen Sharing	eLecta Live	1
Conference Features	Desktop Sharing	eLecta Live	1
Conference Features	Web Tours	eLecta Live	1
Conference Features	Always-On Conferencing	eLecta Live	0
Conference Features	Video/Webcam	eLecta Live	1
Conference Features	Full Screen/ Partial Screen Mode	eLecta Live	0
Conference Features	Co-Browsing	eLecta Live	0
Conference Features	File Transfer	eLecta Live	0
Conference Features	Application Sharing	Drum	0
Conference Features	Annotation and Drawing Tools	Drum	1
Conference Features	Audio	Drum	1
Conference Features	Instant Messaging	Drum	1
Conference Features	File Transfer via Virtual Storage Room	Drum	1
Conference Features	Whiteboards	Drum	0
Conference Features	Slide Show	Drum	0
Conference Features	Screen Sharing	Drum	1
Conference Features	Desktop Sharing	Drum	0
Conference Features	Web Tours	Drum	0
Conference Features	Always-On Conferencing	Drum	0
Conference Features	Video/Webcam	Drum	0
Conference Features	Full Screen/ Partial Screen Mode	Drum	0
Conference Features	Co-Browsing	Drum	0
Conference Features	File Transfer	Drum	0
Conference Features	Application Sharing	BigBlueButton	0
Conference Features	Annotation and Drawing Tools	BigBlueButton	1
Conference Features	Audio	BigBlueButton	1
Conference Features	Instant Messaging	BigBlueButton	1
Conference Features	File Transfer via Virtual Storage Room	BigBlueButton	0
Conference Features	Whiteboards	BigBlueButton	1
Conference Features	Slide Show	BigBlueButton	1
Conference Features	Screen Sharing	BigBlueButton	0
Conference Features	Desktop Sharing	BigBlueButton	1
Conference Features	Web Tours	BigBlueButton	0
Conference Features	Always-On Conferencing	BigBlueButton	0
Conference Features	Video/Webcam	BigBlueButton	1
Conference Features	Full Screen/ Partial Screen Mode	BigBlueButton	1
Conference Features	Co-Browsing	BigBlueButton	0
Conference Features	File Transfer	BigBlueButton	0
Conference Features	Application Sharing	Banckle Online Meeting	1
Conference Features	Annotation and Drawing Tools	Banckle Online Meeting	1
Conference Features	Audio	Banckle Online Meeting	1
Conference Features	Instant Messaging	Banckle Online Meeting	1
Conference Features	File Transfer via Virtual Storage Room	Banckle Online Meeting	1
Conference Features	Whiteboards	Banckle Online Meeting	1
Conference Features	Slide Show	Banckle Online Meeting	0
Conference Features	Screen Sharing	Banckle Online Meeting	1
Conference Features	Desktop Sharing	Banckle Online Meeting	1
Conference Features	Web Tours	Banckle Online Meeting	0
Conference Features	Always-On Conferencing	Banckle Online Meeting	0
Conference Features	Video/Webcam	Banckle Online Meeting	1
Conference Features	Full Screen/ Partial Screen Mode	Banckle Online Meeting	0
Conference Features	Co-Browsing	Banckle Online Meeting	0
Conference Features	File Transfer	Banckle Online Meeting	1
Meeting Follow-up Features	Participant Reporting	Meetin.gs	0
Meeting Follow-up Features	Inactivity Time-outs	Meetin.gs	0
Meeting Follow-up Features	Surveys and Polls	Meetin.gs	1
Meeting Follow-up Features	Meeting Recording/ Playback	Meetin.gs	0
Meeting Follow-up Features	Participant Reporting	ezTalks	0
Meeting Follow-up Features	Inactivity Time-outs	ezTalks	0
Meeting Follow-up Features	Surveys and Polls	ezTalks	0
Meeting Follow-up Features	Meeting Recording/ Playback	ezTalks	1
Meeting Follow-up Features	Participant Reporting	Bitrix24	0
Meeting Follow-up Features	Inactivity Time-outs	Bitrix24	0
Meeting Follow-up Features	Surveys and Polls	Bitrix24	1
Meeting Follow-up Features	Meeting Recording/ Playback	Bitrix24	0
Meeting Follow-up Features	Participant Reporting	VideoMost	0
Meeting Follow-up Features	Inactivity Time-outs	VideoMost	0
Meeting Follow-up Features	Surveys and Polls	VideoMost	1
Meeting Follow-up Features	Meeting Recording/ Playback	VideoMost	1
Meeting Follow-up Features	Participant Reporting	FaceMe	0
Meeting Follow-up Features	Inactivity Time-outs	FaceMe	0
Meeting Follow-up Features	Surveys and Polls	FaceMe	0
Meeting Follow-up Features	Meeting Recording/ Playback	FaceMe	1
Meeting Follow-up Features	Participant Reporting	Highfive	0
Meeting Follow-up Features	Inactivity Time-outs	Highfive	1
Meeting Follow-up Features	Surveys and Polls	Highfive	0
Meeting Follow-up Features	Meeting Recording/ Playback	Highfive	0
Meeting Follow-up Features	Participant Reporting	eLecta Live	0
Meeting Follow-up Features	Inactivity Time-outs	eLecta Live	0
Meeting Follow-up Features	Surveys and Polls	eLecta Live	0
Meeting Follow-up Features	Meeting Recording/ Playback	eLecta Live	1
Meeting Follow-up Features	Participant Reporting	Drum	0
Meeting Follow-up Features	Inactivity Time-outs	Drum	0
Meeting Follow-up Features	Surveys and Polls	Drum	0
Meeting Follow-up Features	Meeting Recording/ Playback	Drum	1
Meeting Follow-up Features	Participant Reporting	BigBlueButton	0
Meeting Follow-up Features	Inactivity Time-outs	BigBlueButton	0
Meeting Follow-up Features	Surveys and Polls	BigBlueButton	1
Meeting Follow-up Features	Meeting Recording/ Playback	BigBlueButton	1
Meeting Follow-up Features	Participant Reporting	Banckle Online Meeting	1
Meeting Follow-up Features	Inactivity Time-outs	Banckle Online Meeting	0
Meeting Follow-up Features	Surveys and Polls	Banckle Online Meeting	0
Meeting Follow-up Features	Meeting Recording/ Playback	Banckle Online Meeting	1
Security Features	Encryption	Meetin.gs	0
Security Features	One Time Password	Meetin.gs	1
Security Features	User Authentication	Meetin.gs	0
Security Features	Encryption	ezTalks	1
Security Features	One Time Password	ezTalks	0
Security Features	User Authentication	ezTalks	0
Security Features	Encryption	Bitrix24	1
Security Features	One Time Password	Bitrix24	1
Security Features	User Authentication	Bitrix24	1
Security Features	Encryption	VideoMost	1
Security Features	One Time Password	VideoMost	0
Security Features	User Authentication	VideoMost	0
Security Features	Encryption	FaceMe	0
Security Features	One Time Password	FaceMe	0
Security Features	User Authentication	FaceMe	0
Security Features	Encryption	Highfive	0
Security Features	One Time Password	Highfive	0
Security Features	User Authentication	Highfive	1
Security Features	Encryption	eLecta Live	0
Security Features	One Time Password	eLecta Live	0
Security Features	User Authentication	eLecta Live	1
Security Features	Encryption	Drum	0
Security Features	One Time Password	Drum	0
Security Features	User Authentication	Drum	0
Security Features	Encryption	BigBlueButton	0
Security Features	One Time Password	BigBlueButton	0
Security Features	User Authentication	BigBlueButton	0
Security Features	Encryption	Banckle Online Meeting	1
Security Features	One Time Password	Banckle Online Meeting	1
Security Features	User Authentication	Banckle Online Meeting	0
Invitation Features	Schedule Recurring Meetings	Meetin.gs	0
Invitation Features	Schedule Meetings	Meetin.gs	1
Invitation Features	Calendar for Meetings	Meetin.gs	1
Invitation Features	Ad-Hoc/Instant Meetings	Meetin.gs	0
Invitation Features	Schedule Recurring Meetings	ezTalks	0
Invitation Features	Schedule Meetings	ezTalks	1
Invitation Features	Calendar for Meetings	ezTalks	0
Invitation Features	Ad-Hoc/Instant Meetings	ezTalks	0
Invitation Features	Schedule Recurring Meetings	Bitrix24	1
Invitation Features	Schedule Meetings	Bitrix24	1
Invitation Features	Calendar for Meetings	Bitrix24	1
Invitation Features	Ad-Hoc/Instant Meetings	Bitrix24	0
Invitation Features	Schedule Recurring Meetings	VideoMost	0
Invitation Features	Schedule Meetings	VideoMost	0
Invitation Features	Calendar for Meetings	VideoMost	0
Invitation Features	Ad-Hoc/Instant Meetings	VideoMost	0
Invitation Features	Schedule Recurring Meetings	FaceMe	0
Invitation Features	Schedule Meetings	FaceMe	1
Invitation Features	Calendar for Meetings	FaceMe	1
Invitation Features	Ad-Hoc/Instant Meetings	FaceMe	1
Invitation Features	Schedule Recurring Meetings	Highfive	1
Invitation Features	Schedule Meetings	Highfive	1
Invitation Features	Calendar for Meetings	Highfive	1
Invitation Features	Ad-Hoc/Instant Meetings	Highfive	1
Invitation Features	Schedule Recurring Meetings	eLecta Live	0
Invitation Features	Schedule Meetings	eLecta Live	1
Invitation Features	Calendar for Meetings	eLecta Live	0
Invitation Features	Ad-Hoc/Instant Meetings	eLecta Live	0
Invitation Features	Schedule Recurring Meetings	Drum	0
Invitation Features	Schedule Meetings	Drum	1
Invitation Features	Calendar for Meetings	Drum	0
Invitation Features	Ad-Hoc/Instant Meetings	Drum	0
Invitation Features	Schedule Recurring Meetings	BigBlueButton	0
Invitation Features	Schedule Meetings	BigBlueButton	1
Invitation Features	Calendar for Meetings	BigBlueButton	0
Invitation Features	Ad-Hoc/Instant Meetings	BigBlueButton	0
Invitation Features	Schedule Recurring Meetings	Banckle Online Meeting	1
Invitation Features	Schedule Meetings	Banckle Online Meeting	1
Invitation Features	Calendar for Meetings	Banckle Online Meeting	1
Invitation Features	Ad-Hoc/Instant Meetings	Banckle Online Meeting	1
Conference Features	Application Sharing	AnyMeeting	1
Conference Features	Annotation and Drawing Tools	AnyMeeting	1
Conference Features	Audio	AnyMeeting	1
Conference Features	Instant Messaging	AnyMeeting	1
Conference Features	Remove Attendee from Meeting	AnyMeeting	0
Conference Features	File Transfer via Virtual Storage Room	AnyMeeting	1
Conference Features	Whiteboards	AnyMeeting	0
Conference Features	Slide Show	AnyMeeting	1
Conference Features	Screen Sharing	AnyMeeting	1
Conference Features	Desktop Sharing	AnyMeeting	1
Conference Features	Break-Out Sessions	AnyMeeting	0
Conference Features	Always-On Conferencing	AnyMeeting	0
Conference Features	Video/Webcam	AnyMeeting	1
Conference Features	Full Screen/ Partial Screen Mode	AnyMeeting	0
Conference Features	Co-Browsing	AnyMeeting	0
Conference Features	File Transfer	AnyMeeting	1
Conference Features	Application Sharing	VeriShow	0
Conference Features	Annotation and Drawing Tools	VeriShow	1
Conference Features	Audio	VeriShow	1
Conference Features	Instant Messaging	VeriShow	1
Conference Features	Remove Attendee from Meeting	VeriShow	0
Conference Features	File Transfer via Virtual Storage Room	VeriShow	1
Conference Features	Whiteboards	VeriShow	1
Conference Features	Slide Show	VeriShow	0
Conference Features	Screen Sharing	VeriShow	1
Conference Features	Desktop Sharing	VeriShow	0
Conference Features	Break-Out Sessions	VeriShow	0
Conference Features	Always-On Conferencing	VeriShow	0
Conference Features	Video/Webcam	VeriShow	1
Conference Features	Full Screen/ Partial Screen Mode	VeriShow	0
Conference Features	Co-Browsing	VeriShow	1
Conference Features	File Transfer	VeriShow	1
Conference Features	Application Sharing	TrueConf	0
Conference Features	Annotation and Drawing Tools	TrueConf	0
Conference Features	Audio	TrueConf	0
Conference Features	Instant Messaging	TrueConf	1
Conference Features	Remove Attendee from Meeting	TrueConf	1
Conference Features	File Transfer via Virtual Storage Room	TrueConf	0
Conference Features	Whiteboards	TrueConf	1
Conference Features	Slide Show	TrueConf	1
Conference Features	Screen Sharing	TrueConf	0
Conference Features	Desktop Sharing	TrueConf	1
Conference Features	Break-Out Sessions	TrueConf	0
Conference Features	Always-On Conferencing	TrueConf	0
Conference Features	Video/Webcam	TrueConf	1
Conference Features	Full Screen/ Partial Screen Mode	TrueConf	0
Conference Features	Co-Browsing	TrueConf	1
Conference Features	File Transfer	TrueConf	1
Conference Features	Application Sharing	IdeaClouds	0
Conference Features	Annotation and Drawing Tools	IdeaClouds	1
Conference Features	Audio	IdeaClouds	0
Conference Features	Instant Messaging	IdeaClouds	1
Conference Features	Remove Attendee from Meeting	IdeaClouds	0
Conference Features	File Transfer via Virtual Storage Room	IdeaClouds	0
Conference Features	Whiteboards	IdeaClouds	1
Conference Features	Slide Show	IdeaClouds	0
Conference Features	Screen Sharing	IdeaClouds	0
Conference Features	Desktop Sharing	IdeaClouds	0
Conference Features	Break-Out Sessions	IdeaClouds	0
Conference Features	Always-On Conferencing	IdeaClouds	0
Conference Features	Video/Webcam	IdeaClouds	0
Conference Features	Full Screen/ Partial Screen Mode	IdeaClouds	1
Conference Features	Co-Browsing	IdeaClouds	0
Conference Features	File Transfer	IdeaClouds	0
Conference Features	Application Sharing	WizIQ	0
Conference Features	Annotation and Drawing Tools	WizIQ	1
Conference Features	Audio	WizIQ	1
Conference Features	Instant Messaging	WizIQ	1
Conference Features	Remove Attendee from Meeting	WizIQ	0
Conference Features	File Transfer via Virtual Storage Room	WizIQ	1
Conference Features	Whiteboards	WizIQ	1
Conference Features	Slide Show	WizIQ	0
Conference Features	Screen Sharing	WizIQ	1
Conference Features	Desktop Sharing	WizIQ	1
Conference Features	Break-Out Sessions	WizIQ	1
Conference Features	Always-On Conferencing	WizIQ	0
Conference Features	Video/Webcam	WizIQ	1
Conference Features	Full Screen/ Partial Screen Mode	WizIQ	0
Conference Features	Co-Browsing	WizIQ	1
Conference Features	File Transfer	WizIQ	1
Conference Features	Application Sharing	Zoom Video Communications	1
Conference Features	Annotation and Drawing Tools	Zoom Video Communications	1
Conference Features	Audio	Zoom Video Communications	1
Conference Features	Instant Messaging	Zoom Video Communications	1
Conference Features	Remove Attendee from Meeting	Zoom Video Communications	0
Conference Features	File Transfer via Virtual Storage Room	Zoom Video Communications	0
Conference Features	Whiteboards	Zoom Video Communications	1
Conference Features	Slide Show	Zoom Video Communications	1
Conference Features	Screen Sharing	Zoom Video Communications	1
Conference Features	Desktop Sharing	Zoom Video Communications	0
Conference Features	Break-Out Sessions	Zoom Video Communications	1
Conference Features	Always-On Conferencing	Zoom Video Communications	0
Conference Features	Video/Webcam	Zoom Video Communications	1
Conference Features	Full Screen/ Partial Screen Mode	Zoom Video Communications	1
Conference Features	Co-Browsing	Zoom Video Communications	0
Conference Features	File Transfer	Zoom Video Communications	0
Conference Features	Application Sharing	4webcom	0
Conference Features	Annotation and Drawing Tools	4webcom	0
Conference Features	Audio	4webcom	1
Conference Features	Instant Messaging	4webcom	1
Conference Features	Remove Attendee from Meeting	4webcom	0
Conference Features	File Transfer via Virtual Storage Room	4webcom	0
Conference Features	Whiteboards	4webcom	1
Conference Features	Slide Show	4webcom	1
Conference Features	Screen Sharing	4webcom	0
Conference Features	Desktop Sharing	4webcom	0
Conference Features	Break-Out Sessions	4webcom	0
Conference Features	Always-On Conferencing	4webcom	0
Conference Features	Video/Webcam	4webcom	1
Conference Features	Full Screen/ Partial Screen Mode	4webcom	0
Conference Features	Co-Browsing	4webcom	0
Conference Features	File Transfer	4webcom	1
Conference Features	Application Sharing	UberConference	0
Conference Features	Annotation and Drawing Tools	UberConference	0
Conference Features	Audio	UberConference	1
Conference Features	Instant Messaging	UberConference	1
Conference Features	Remove Attendee from Meeting	UberConference	1
Conference Features	File Transfer via Virtual Storage Room	UberConference	0
Conference Features	Whiteboards	UberConference	0
Conference Features	Slide Show	UberConference	0
Conference Features	Screen Sharing	UberConference	1
Conference Features	Desktop Sharing	UberConference	1
Conference Features	Break-Out Sessions	UberConference	0
Conference Features	Always-On Conferencing	UberConference	0
Conference Features	Video/Webcam	UberConference	0
Conference Features	Full Screen/ Partial Screen Mode	UberConference	0
Conference Features	Co-Browsing	UberConference	0
Conference Features	File Transfer	UberConference	1
Conference Features	Application Sharing	Visimeet	1
Conference Features	Annotation and Drawing Tools	Visimeet	0
Conference Features	Audio	Visimeet	1
Conference Features	Instant Messaging	Visimeet	1
Conference Features	Remove Attendee from Meeting	Visimeet	1
Conference Features	File Transfer via Virtual Storage Room	Visimeet	0
Conference Features	Whiteboards	Visimeet	1
Conference Features	Slide Show	Visimeet	1
Conference Features	Screen Sharing	Visimeet	1
Conference Features	Desktop Sharing	Visimeet	1
Conference Features	Break-Out Sessions	Visimeet	0
Conference Features	Always-On Conferencing	Visimeet	1
Conference Features	Video/Webcam	Visimeet	1
Conference Features	Full Screen/ Partial Screen Mode	Visimeet	1
Conference Features	Co-Browsing	Visimeet	0
Conference Features	File Transfer	Visimeet	1
Conference Features	Application Sharing	Virtual Meeting Spaces	0
Conference Features	Annotation and Drawing Tools	Virtual Meeting Spaces	0
Conference Features	Audio	Virtual Meeting Spaces	1
Conference Features	Instant Messaging	Virtual Meeting Spaces	1
Conference Features	Remove Attendee from Meeting	Virtual Meeting Spaces	1
Conference Features	File Transfer via Virtual Storage Room	Virtual Meeting Spaces	0
Conference Features	Whiteboards	Virtual Meeting Spaces	0
Conference Features	Slide Show	Virtual Meeting Spaces	0
Conference Features	Screen Sharing	Virtual Meeting Spaces	1
Conference Features	Desktop Sharing	Virtual Meeting Spaces	1
Conference Features	Break-Out Sessions	Virtual Meeting Spaces	0
Conference Features	Always-On Conferencing	Virtual Meeting Spaces	0
Conference Features	Video/Webcam	Virtual Meeting Spaces	1
Conference Features	Full Screen/ Partial Screen Mode	Virtual Meeting Spaces	1
Conference Features	Co-Browsing	Virtual Meeting Spaces	0
Conference Features	File Transfer	Virtual Meeting Spaces	0
Meeting Follow-up Features	Participant Reporting	AnyMeeting	1
Meeting Follow-up Features	Inactivity Time-outs	AnyMeeting	0
Meeting Follow-up Features	Surveys and Polls	AnyMeeting	1
Meeting Follow-up Features	Meeting Recording/ Playback	AnyMeeting	1
Meeting Follow-up Features	Participant Reporting	VeriShow	0
Meeting Follow-up Features	Inactivity Time-outs	VeriShow	0
Meeting Follow-up Features	Surveys and Polls	VeriShow	1
Meeting Follow-up Features	Meeting Recording/ Playback	VeriShow	0
Meeting Follow-up Features	Participant Reporting	TrueConf	0
Meeting Follow-up Features	Inactivity Time-outs	TrueConf	0
Meeting Follow-up Features	Surveys and Polls	TrueConf	0
Meeting Follow-up Features	Meeting Recording/ Playback	TrueConf	1
Meeting Follow-up Features	Participant Reporting	IdeaClouds	1
Meeting Follow-up Features	Inactivity Time-outs	IdeaClouds	1
Meeting Follow-up Features	Surveys and Polls	IdeaClouds	1
Meeting Follow-up Features	Meeting Recording/ Playback	IdeaClouds	0
Meeting Follow-up Features	Participant Reporting	WizIQ	0
Meeting Follow-up Features	Inactivity Time-outs	WizIQ	0
Meeting Follow-up Features	Surveys and Polls	WizIQ	1
Meeting Follow-up Features	Meeting Recording/ Playback	WizIQ	1
Meeting Follow-up Features	Participant Reporting	Zoom Video Communications	1
Meeting Follow-up Features	Inactivity Time-outs	Zoom Video Communications	0
Meeting Follow-up Features	Surveys and Polls	Zoom Video Communications	0
Meeting Follow-up Features	Meeting Recording/ Playback	Zoom Video Communications	1
Meeting Follow-up Features	Participant Reporting	4webcom	0
Meeting Follow-up Features	Inactivity Time-outs	4webcom	0
Meeting Follow-up Features	Surveys and Polls	4webcom	1
Meeting Follow-up Features	Meeting Recording/ Playback	4webcom	1
Meeting Follow-up Features	Participant Reporting	UberConference	1
Meeting Follow-up Features	Inactivity Time-outs	UberConference	0
Meeting Follow-up Features	Surveys and Polls	UberConference	1
Meeting Follow-up Features	Meeting Recording/ Playback	UberConference	1
Meeting Follow-up Features	Participant Reporting	Visimeet	1
Meeting Follow-up Features	Inactivity Time-outs	Visimeet	1
Meeting Follow-up Features	Surveys and Polls	Visimeet	1
Meeting Follow-up Features	Meeting Recording/ Playback	Visimeet	1
Meeting Follow-up Features	Participant Reporting	Virtual Meeting Spaces	1
Meeting Follow-up Features	Inactivity Time-outs	Virtual Meeting Spaces	0
Meeting Follow-up Features	Surveys and Polls	Virtual Meeting Spaces	0
Meeting Follow-up Features	Meeting Recording/ Playback	Virtual Meeting Spaces	1
Security Features	Encryption	AnyMeeting	1
Security Features	One Time Password	AnyMeeting	0
Security Features	User Authentication	AnyMeeting	0
Security Features	Security Control Over Desktop Sharing	AnyMeeting	0
Security Features	Encryption	VeriShow	1
Security Features	One Time Password	VeriShow	1
Security Features	User Authentication	VeriShow	0
Security Features	Security Control Over Desktop Sharing	VeriShow	0
Security Features	Encryption	TrueConf	1
Security Features	One Time Password	TrueConf	1
Security Features	User Authentication	TrueConf	1
Security Features	Security Control Over Desktop Sharing	TrueConf	0
Security Features	Encryption	IdeaClouds	1
Security Features	One Time Password	IdeaClouds	0
Security Features	User Authentication	IdeaClouds	1
Security Features	Security Control Over Desktop Sharing	IdeaClouds	1
Security Features	Encryption	WizIQ	1
Security Features	One Time Password	WizIQ	0
Security Features	User Authentication	WizIQ	1
Security Features	Security Control Over Desktop Sharing	WizIQ	0
Security Features	Encryption	Zoom Video Communications	1
Security Features	One Time Password	Zoom Video Communications	0
Security Features	User Authentication	Zoom Video Communications	1
Security Features	Security Control Over Desktop Sharing	Zoom Video Communications	1
Security Features	Encryption	4webcom	1
Security Features	One Time Password	4webcom	0
Security Features	User Authentication	4webcom	0
Security Features	Security Control Over Desktop Sharing	4webcom	0
Security Features	Encryption	UberConference	1
Security Features	One Time Password	UberConference	0
Security Features	User Authentication	UberConference	1
Security Features	Security Control Over Desktop Sharing	UberConference	1
Security Features	Encryption	Visimeet	1
Security Features	One Time Password	Visimeet	0
Security Features	User Authentication	Visimeet	1
Security Features	Security Control Over Desktop Sharing	Visimeet	1
Security Features	Encryption	Virtual Meeting Spaces	1
Security Features	One Time Password	Virtual Meeting Spaces	0
Security Features	User Authentication	Virtual Meeting Spaces	1
Security Features	Security Control Over Desktop Sharing	Virtual Meeting Spaces	1
Invitation Features	Schedule Recurring Meetings	AnyMeeting	0
Invitation Features	Schedule Meetings	AnyMeeting	1
Invitation Features	Calendar for Meetings	AnyMeeting	0
Invitation Features	Ad-Hoc/Instant Meetings	AnyMeeting	1
Invitation Features	Schedule Recurring Meetings	VeriShow	0
Invitation Features	Schedule Meetings	VeriShow	0
Invitation Features	Calendar for Meetings	VeriShow	0
Invitation Features	Ad-Hoc/Instant Meetings	VeriShow	0
Invitation Features	Schedule Recurring Meetings	TrueConf	0
Invitation Features	Schedule Meetings	TrueConf	1
Invitation Features	Calendar for Meetings	TrueConf	0
Invitation Features	Ad-Hoc/Instant Meetings	TrueConf	1
Invitation Features	Schedule Recurring Meetings	IdeaClouds	0
Invitation Features	Schedule Meetings	IdeaClouds	0
Invitation Features	Calendar for Meetings	IdeaClouds	0
Invitation Features	Ad-Hoc/Instant Meetings	IdeaClouds	0
Invitation Features	Schedule Recurring Meetings	WizIQ	1
Invitation Features	Schedule Meetings	WizIQ	1
Invitation Features	Calendar for Meetings	WizIQ	1
Invitation Features	Ad-Hoc/Instant Meetings	WizIQ	0
Invitation Features	Schedule Recurring Meetings	Zoom Video Communications	1
Invitation Features	Schedule Meetings	Zoom Video Communications	1
Invitation Features	Calendar for Meetings	Zoom Video Communications	1
Invitation Features	Ad-Hoc/Instant Meetings	Zoom Video Communications	1
Invitation Features	Schedule Recurring Meetings	4webcom	0
Invitation Features	Schedule Meetings	4webcom	0
Invitation Features	Calendar for Meetings	4webcom	0
Invitation Features	Ad-Hoc/Instant Meetings	4webcom	0
Invitation Features	Schedule Recurring Meetings	UberConference	1
Invitation Features	Schedule Meetings	UberConference	1
Invitation Features	Calendar for Meetings	UberConference	1
Invitation Features	Ad-Hoc/Instant Meetings	UberConference	1
Invitation Features	Schedule Recurring Meetings	Visimeet	1
Invitation Features	Schedule Meetings	Visimeet	1
Invitation Features	Calendar for Meetings	Visimeet	1
Invitation Features	Ad-Hoc/Instant Meetings	Visimeet	1
Invitation Features	Schedule Recurring Meetings	Virtual Meeting Spaces	1
Invitation Features	Schedule Meetings	Virtual Meeting Spaces	1
Invitation Features	Calendar for Meetings	Virtual Meeting Spaces	1
Invitation Features	Ad-Hoc/Instant Meetings	Virtual Meeting Spaces	1
Conference Features	Application Sharing	MegaMeeting.com	1
Conference Features	Annotation and Drawing Tools	MegaMeeting.com	0
Conference Features	Audio	MegaMeeting.com	1
Conference Features	Instant Messaging	MegaMeeting.com	1
Conference Features	Remove Attendee from Meeting	MegaMeeting.com	0
Conference Features	File Transfer via Virtual Storage Room	MegaMeeting.com	0
Conference Features	Whiteboards	MegaMeeting.com	1
Conference Features	Slide Show	MegaMeeting.com	0
Conference Features	Screen Sharing	MegaMeeting.com	1
Conference Features	Desktop Sharing	MegaMeeting.com	1
Conference Features	Break-Out Sessions	MegaMeeting.com	0
Conference Features	Web Tours	MegaMeeting.com	0
Conference Features	Always-On Conferencing	MegaMeeting.com	0
Conference Features	Video/Webcam	MegaMeeting.com	1
Conference Features	Full Screen/ Partial Screen Mode	MegaMeeting.com	1
Conference Features	Co-Browsing	MegaMeeting.com	0
Conference Features	File Transfer	MegaMeeting.com	1
Conference Features	Application Sharing	Video Seminar Live	0
Conference Features	Annotation and Drawing Tools	Video Seminar Live	1
Conference Features	Audio	Video Seminar Live	0
Conference Features	Instant Messaging	Video Seminar Live	1
Conference Features	Remove Attendee from Meeting	Video Seminar Live	0
Conference Features	File Transfer via Virtual Storage Room	Video Seminar Live	0
Conference Features	Whiteboards	Video Seminar Live	1
Conference Features	Slide Show	Video Seminar Live	1
Conference Features	Screen Sharing	Video Seminar Live	1
Conference Features	Desktop Sharing	Video Seminar Live	0
Conference Features	Break-Out Sessions	Video Seminar Live	0
Conference Features	Web Tours	Video Seminar Live	0
Conference Features	Always-On Conferencing	Video Seminar Live	0
Conference Features	Video/Webcam	Video Seminar Live	1
Conference Features	Full Screen/ Partial Screen Mode	Video Seminar Live	0
Conference Features	Co-Browsing	Video Seminar Live	0
Conference Features	File Transfer	Video Seminar Live	0
Conference Features	Application Sharing	AT&T Connect	1
Conference Features	Annotation and Drawing Tools	AT&T Connect	1
Conference Features	Audio	AT&T Connect	1
Conference Features	Instant Messaging	AT&T Connect	0
Conference Features	Remove Attendee from Meeting	AT&T Connect	0
Conference Features	File Transfer via Virtual Storage Room	AT&T Connect	0
Conference Features	Whiteboards	AT&T Connect	1
Conference Features	Slide Show	AT&T Connect	0
Conference Features	Screen Sharing	AT&T Connect	0
Conference Features	Desktop Sharing	AT&T Connect	0
Conference Features	Break-Out Sessions	AT&T Connect	0
Conference Features	Web Tours	AT&T Connect	1
Conference Features	Always-On Conferencing	AT&T Connect	0
Conference Features	Video/Webcam	AT&T Connect	1
Conference Features	Full Screen/ Partial Screen Mode	AT&T Connect	0
Conference Features	Co-Browsing	AT&T Connect	0
Conference Features	File Transfer	AT&T Connect	0
Conference Features	Application Sharing	BlueJeans	0
Conference Features	Annotation and Drawing Tools	BlueJeans	1
Conference Features	Audio	BlueJeans	1
Conference Features	Instant Messaging	BlueJeans	1
Conference Features	Remove Attendee from Meeting	BlueJeans	0
Conference Features	File Transfer via Virtual Storage Room	BlueJeans	0
Conference Features	Whiteboards	BlueJeans	0
Conference Features	Slide Show	BlueJeans	0
Conference Features	Screen Sharing	BlueJeans	1
Conference Features	Desktop Sharing	BlueJeans	1
Conference Features	Break-Out Sessions	BlueJeans	0
Conference Features	Web Tours	BlueJeans	0
Conference Features	Always-On Conferencing	BlueJeans	1
Conference Features	Video/Webcam	BlueJeans	1
Conference Features	Full Screen/ Partial Screen Mode	BlueJeans	1
Conference Features	Co-Browsing	BlueJeans	0
Conference Features	File Transfer	BlueJeans	0
Conference Features	Application Sharing	Meetcheap	0
Conference Features	Annotation and Drawing Tools	Meetcheap	0
Conference Features	Audio	Meetcheap	1
Conference Features	Instant Messaging	Meetcheap	1
Conference Features	Remove Attendee from Meeting	Meetcheap	0
Conference Features	File Transfer via Virtual Storage Room	Meetcheap	0
Conference Features	Whiteboards	Meetcheap	1
Conference Features	Slide Show	Meetcheap	0
Conference Features	Screen Sharing	Meetcheap	0
Conference Features	Desktop Sharing	Meetcheap	1
Conference Features	Break-Out Sessions	Meetcheap	1
Conference Features	Web Tours	Meetcheap	0
Conference Features	Always-On Conferencing	Meetcheap	0
Conference Features	Video/Webcam	Meetcheap	1
Conference Features	Full Screen/ Partial Screen Mode	Meetcheap	0
Conference Features	Co-Browsing	Meetcheap	1
Conference Features	File Transfer	Meetcheap	1
Conference Features	Application Sharing	iMeet	0
Conference Features	Annotation and Drawing Tools	iMeet	1
Conference Features	Audio	iMeet	1
Conference Features	Instant Messaging	iMeet	1
Conference Features	Remove Attendee from Meeting	iMeet	1
Conference Features	File Transfer via Virtual Storage Room	iMeet	1
Conference Features	Whiteboards	iMeet	0
Conference Features	Slide Show	iMeet	0
Conference Features	Screen Sharing	iMeet	1
Conference Features	Desktop Sharing	iMeet	1
Conference Features	Break-Out Sessions	iMeet	0
Conference Features	Web Tours	iMeet	0
Conference Features	Always-On Conferencing	iMeet	0
Conference Features	Video/Webcam	iMeet	1
Conference Features	Full Screen/ Partial Screen Mode	iMeet	1
Conference Features	Co-Browsing	iMeet	0
Conference Features	File Transfer	iMeet	1
Conference Features	Application Sharing	Sametime	1
Conference Features	Annotation and Drawing Tools	Sametime	1
Conference Features	Audio	Sametime	1
Conference Features	Instant Messaging	Sametime	1
Conference Features	Remove Attendee from Meeting	Sametime	0
Conference Features	File Transfer via Virtual Storage Room	Sametime	0
Conference Features	Whiteboards	Sametime	1
Conference Features	Slide Show	Sametime	0
Conference Features	Screen Sharing	Sametime	1
Conference Features	Desktop Sharing	Sametime	0
Conference Features	Break-Out Sessions	Sametime	0
Conference Features	Web Tours	Sametime	0
Conference Features	Always-On Conferencing	Sametime	0
Conference Features	Video/Webcam	Sametime	1
Conference Features	Full Screen/ Partial Screen Mode	Sametime	0
Conference Features	Co-Browsing	Sametime	0
Conference Features	File Transfer	Sametime	1
Conference Features	Application Sharing	Groupworld	0
Conference Features	Annotation and Drawing Tools	Groupworld	1
Conference Features	Audio	Groupworld	1
Conference Features	Instant Messaging	Groupworld	1
Conference Features	Remove Attendee from Meeting	Groupworld	1
Conference Features	File Transfer via Virtual Storage Room	Groupworld	0
Conference Features	Whiteboards	Groupworld	1
Conference Features	Slide Show	Groupworld	0
Conference Features	Screen Sharing	Groupworld	1
Conference Features	Desktop Sharing	Groupworld	1
Conference Features	Break-Out Sessions	Groupworld	0
Conference Features	Web Tours	Groupworld	0
Conference Features	Always-On Conferencing	Groupworld	1
Conference Features	Video/Webcam	Groupworld	1
Conference Features	Full Screen/ Partial Screen Mode	Groupworld	1
Conference Features	Co-Browsing	Groupworld	0
Conference Features	File Transfer	Groupworld	0
Conference Features	Application Sharing	GlobalMeet	0
Conference Features	Annotation and Drawing Tools	GlobalMeet	0
Conference Features	Audio	GlobalMeet	1
Conference Features	Instant Messaging	GlobalMeet	1
Conference Features	Remove Attendee from Meeting	GlobalMeet	0
Conference Features	File Transfer via Virtual Storage Room	GlobalMeet	1
Conference Features	Whiteboards	GlobalMeet	1
Conference Features	Slide Show	GlobalMeet	1
Conference Features	Screen Sharing	GlobalMeet	1
Conference Features	Desktop Sharing	GlobalMeet	0
Conference Features	Break-Out Sessions	GlobalMeet	0
Conference Features	Web Tours	GlobalMeet	0
Conference Features	Always-On Conferencing	GlobalMeet	0
Conference Features	Video/Webcam	GlobalMeet	1
Conference Features	Full Screen/ Partial Screen Mode	GlobalMeet	0
Conference Features	Co-Browsing	GlobalMeet	0
Conference Features	File Transfer	GlobalMeet	0
Conference Features	Application Sharing	LiveOn	1
Conference Features	Annotation and Drawing Tools	LiveOn	1
Conference Features	Audio	LiveOn	1
Conference Features	Instant Messaging	LiveOn	1
Conference Features	Remove Attendee from Meeting	LiveOn	0
Conference Features	File Transfer via Virtual Storage Room	LiveOn	0
Conference Features	Whiteboards	LiveOn	1
Conference Features	Slide Show	LiveOn	0
Conference Features	Screen Sharing	LiveOn	1
Conference Features	Desktop Sharing	LiveOn	1
Conference Features	Break-Out Sessions	LiveOn	0
Conference Features	Web Tours	LiveOn	0
Conference Features	Always-On Conferencing	LiveOn	0
Conference Features	Video/Webcam	LiveOn	0
Conference Features	Full Screen/ Partial Screen Mode	LiveOn	1
Conference Features	Co-Browsing	LiveOn	0
Conference Features	File Transfer	LiveOn	1
Meeting Follow-up Features	Surveys and Polls	MegaMeeting.com	1
Meeting Follow-up Features	Meeting Recording/ Playback	MegaMeeting.com	1
Meeting Follow-up Features	Surveys and Polls	Video Seminar Live	1
Meeting Follow-up Features	Meeting Recording/ Playback	Video Seminar Live	0
Meeting Follow-up Features	Surveys and Polls	AT&T Connect	1
Meeting Follow-up Features	Meeting Recording/ Playback	AT&T Connect	1
Meeting Follow-up Features	Surveys and Polls	BlueJeans	0
Meeting Follow-up Features	Meeting Recording/ Playback	BlueJeans	1
Meeting Follow-up Features	Surveys and Polls	Meetcheap	1
Meeting Follow-up Features	Meeting Recording/ Playback	Meetcheap	1
Meeting Follow-up Features	Surveys and Polls	iMeet	0
Meeting Follow-up Features	Meeting Recording/ Playback	iMeet	1
Meeting Follow-up Features	Surveys and Polls	Sametime	1
Meeting Follow-up Features	Meeting Recording/ Playback	Sametime	0
Meeting Follow-up Features	Surveys and Polls	Groupworld	1
Meeting Follow-up Features	Meeting Recording/ Playback	Groupworld	1
Meeting Follow-up Features	Surveys and Polls	GlobalMeet	1
Meeting Follow-up Features	Meeting Recording/ Playback	GlobalMeet	1
Meeting Follow-up Features	Surveys and Polls	LiveOn	0
Meeting Follow-up Features	Meeting Recording/ Playback	LiveOn	1
Security Features	Encryption	MegaMeeting.com	1
Security Features	One Time Password	MegaMeeting.com	0
Security Features	User Authentication	MegaMeeting.com	0
Security Features	Security Control Over Desktop Sharing	MegaMeeting.com	0
Security Features	Encryption	Video Seminar Live	0
Security Features	One Time Password	Video Seminar Live	0
Security Features	User Authentication	Video Seminar Live	0
Security Features	Security Control Over Desktop Sharing	Video Seminar Live	0
Security Features	Encryption	AT&T Connect	1
Security Features	One Time Password	AT&T Connect	0
Security Features	User Authentication	AT&T Connect	0
Security Features	Security Control Over Desktop Sharing	AT&T Connect	0
Security Features	Encryption	BlueJeans	1
Security Features	One Time Password	BlueJeans	0
Security Features	User Authentication	BlueJeans	1
Security Features	Security Control Over Desktop Sharing	BlueJeans	0
Security Features	Encryption	Meetcheap	0
Security Features	One Time Password	Meetcheap	1
Security Features	User Authentication	Meetcheap	0
Security Features	Security Control Over Desktop Sharing	Meetcheap	0
Security Features	Encryption	iMeet	0
Security Features	One Time Password	iMeet	1
Security Features	User Authentication	iMeet	0
Security Features	Security Control Over Desktop Sharing	iMeet	1
Security Features	Encryption	Sametime	0
Security Features	One Time Password	Sametime	0
Security Features	User Authentication	Sametime	1
Security Features	Security Control Over Desktop Sharing	Sametime	0
Security Features	Encryption	Groupworld	1
Security Features	One Time Password	Groupworld	0
Security Features	User Authentication	Groupworld	1
Security Features	Security Control Over Desktop Sharing	Groupworld	1
Security Features	Encryption	GlobalMeet	0
Security Features	One Time Password	GlobalMeet	0
Security Features	User Authentication	GlobalMeet	1
Security Features	Security Control Over Desktop Sharing	GlobalMeet	0
Security Features	Encryption	LiveOn	1
Security Features	One Time Password	LiveOn	0
Security Features	User Authentication	LiveOn	1
Security Features	Security Control Over Desktop Sharing	LiveOn	0
Invitation Features	Schedule Recurring Meetings	MegaMeeting.com	0
Invitation Features	Schedule Meetings	MegaMeeting.com	0
Invitation Features	Calendar for Meetings	MegaMeeting.com	0
Invitation Features	Ad-Hoc/Instant Meetings	MegaMeeting.com	1
Invitation Features	Schedule Recurring Meetings	Video Seminar Live	0
Invitation Features	Schedule Meetings	Video Seminar Live	1
Invitation Features	Calendar for Meetings	Video Seminar Live	0
Invitation Features	Ad-Hoc/Instant Meetings	Video Seminar Live	0
Invitation Features	Schedule Recurring Meetings	AT&T Connect	0
Invitation Features	Schedule Meetings	AT&T Connect	1
Invitation Features	Calendar for Meetings	AT&T Connect	0
Invitation Features	Ad-Hoc/Instant Meetings	AT&T Connect	0
Invitation Features	Schedule Recurring Meetings	BlueJeans	0
Invitation Features	Schedule Meetings	BlueJeans	1
Invitation Features	Calendar for Meetings	BlueJeans	1
Invitation Features	Ad-Hoc/Instant Meetings	BlueJeans	0
Invitation Features	Schedule Recurring Meetings	Meetcheap	0
Invitation Features	Schedule Meetings	Meetcheap	0
Invitation Features	Calendar for Meetings	Meetcheap	0
Invitation Features	Ad-Hoc/Instant Meetings	Meetcheap	1
Invitation Features	Schedule Recurring Meetings	iMeet	1
Invitation Features	Schedule Meetings	iMeet	1
Invitation Features	Calendar for Meetings	iMeet	1
Invitation Features	Ad-Hoc/Instant Meetings	iMeet	1
Invitation Features	Schedule Recurring Meetings	Sametime	0
Invitation Features	Schedule Meetings	Sametime	0
Invitation Features	Calendar for Meetings	Sametime	0
Invitation Features	Ad-Hoc/Instant Meetings	Sametime	1
Invitation Features	Schedule Recurring Meetings	Groupworld	0
Invitation Features	Schedule Meetings	Groupworld	0
Invitation Features	Calendar for Meetings	Groupworld	0
Invitation Features	Ad-Hoc/Instant Meetings	Groupworld	1
Invitation Features	Schedule Recurring Meetings	GlobalMeet	0
Invitation Features	Schedule Meetings	GlobalMeet	1
Invitation Features	Calendar for Meetings	GlobalMeet	1
Invitation Features	Ad-Hoc/Instant Meetings	GlobalMeet	0
Invitation Features	Schedule Recurring Meetings	LiveOn	0
Invitation Features	Schedule Meetings	LiveOn	1
Invitation Features	Calendar for Meetings	LiveOn	0
Invitation Features	Ad-Hoc/Instant Meetings	LiveOn	0
Conference Features	Application Sharing	FastViewer	0
Conference Features	Annotation and Drawing Tools	FastViewer	0
Conference Features	Audio	FastViewer	0
Conference Features	Instant Messaging	FastViewer	1
Conference Features	Remove Attendee from Meeting	FastViewer	0
Conference Features	File Transfer via Virtual Storage Room	FastViewer	0
Conference Features	Whiteboards	FastViewer	1
Conference Features	Slide Show	FastViewer	0
Conference Features	Screen Sharing	FastViewer	1
Conference Features	Desktop Sharing	FastViewer	1
Conference Features	Break-Out Sessions	FastViewer	0
Conference Features	Video/Webcam	FastViewer	1
Conference Features	Full Screen/ Partial Screen Mode	FastViewer	0
Conference Features	Co-Browsing	FastViewer	0
Conference Features	File Transfer	FastViewer	1
Conference Features	Application Sharing	Veeting Rooms	0
Conference Features	Annotation and Drawing Tools	Veeting Rooms	1
Conference Features	Audio	Veeting Rooms	1
Conference Features	Instant Messaging	Veeting Rooms	1
Conference Features	Remove Attendee from Meeting	Veeting Rooms	0
Conference Features	File Transfer via Virtual Storage Room	Veeting Rooms	1
Conference Features	Whiteboards	Veeting Rooms	1
Conference Features	Slide Show	Veeting Rooms	1
Conference Features	Screen Sharing	Veeting Rooms	1
Conference Features	Desktop Sharing	Veeting Rooms	0
Conference Features	Break-Out Sessions	Veeting Rooms	0
Conference Features	Video/Webcam	Veeting Rooms	1
Conference Features	Full Screen/ Partial Screen Mode	Veeting Rooms	0
Conference Features	Co-Browsing	Veeting Rooms	0
Conference Features	File Transfer	Veeting Rooms	1
Conference Features	Application Sharing	Lucid Meetings	1
Conference Features	Annotation and Drawing Tools	Lucid Meetings	0
Conference Features	Audio	Lucid Meetings	1
Conference Features	Instant Messaging	Lucid Meetings	1
Conference Features	Remove Attendee from Meeting	Lucid Meetings	1
Conference Features	File Transfer via Virtual Storage Room	Lucid Meetings	0
Conference Features	Whiteboards	Lucid Meetings	0
Conference Features	Slide Show	Lucid Meetings	1
Conference Features	Screen Sharing	Lucid Meetings	1
Conference Features	Desktop Sharing	Lucid Meetings	1
Conference Features	Break-Out Sessions	Lucid Meetings	1
Conference Features	Video/Webcam	Lucid Meetings	0
Conference Features	Full Screen/ Partial Screen Mode	Lucid Meetings	1
Conference Features	Co-Browsing	Lucid Meetings	1
Conference Features	File Transfer	Lucid Meetings	0
Conference Features	Application Sharing	Glance	0
Conference Features	Annotation and Drawing Tools	Glance	0
Conference Features	Audio	Glance	1
Conference Features	Instant Messaging	Glance	0
Conference Features	Remove Attendee from Meeting	Glance	1
Conference Features	File Transfer via Virtual Storage Room	Glance	0
Conference Features	Whiteboards	Glance	1
Conference Features	Slide Show	Glance	0
Conference Features	Screen Sharing	Glance	1
Conference Features	Desktop Sharing	Glance	1
Conference Features	Break-Out Sessions	Glance	0
Conference Features	Video/Webcam	Glance	1
Conference Features	Full Screen/ Partial Screen Mode	Glance	1
Conference Features	Co-Browsing	Glance	1
Conference Features	File Transfer	Glance	0
Conference Features	Application Sharing	SaasBoard	0
Conference Features	Annotation and Drawing Tools	SaasBoard	0
Conference Features	Audio	SaasBoard	1
Conference Features	Instant Messaging	SaasBoard	0
Conference Features	Remove Attendee from Meeting	SaasBoard	0
Conference Features	File Transfer via Virtual Storage Room	SaasBoard	0
Conference Features	Whiteboards	SaasBoard	1
Conference Features	Slide Show	SaasBoard	0
Conference Features	Screen Sharing	SaasBoard	0
Conference Features	Desktop Sharing	SaasBoard	1
Conference Features	Break-Out Sessions	SaasBoard	0
Conference Features	Video/Webcam	SaasBoard	1
Conference Features	Full Screen/ Partial Screen Mode	SaasBoard	0
Conference Features	Co-Browsing	SaasBoard	0
Conference Features	File Transfer	SaasBoard	0
Conference Features	Application Sharing	Skype	1
Conference Features	Annotation and Drawing Tools	Skype	0
Conference Features	Audio	Skype	1
Conference Features	Instant Messaging	Skype	1
Conference Features	Remove Attendee from Meeting	Skype	0
Conference Features	File Transfer via Virtual Storage Room	Skype	1
Conference Features	Whiteboards	Skype	0
Conference Features	Slide Show	Skype	0
Conference Features	Screen Sharing	Skype	1
Conference Features	Desktop Sharing	Skype	1
Conference Features	Break-Out Sessions	Skype	0
Conference Features	Video/Webcam	Skype	1
Conference Features	Full Screen/ Partial Screen Mode	Skype	1
Conference Features	Co-Browsing	Skype	0
Conference Features	File Transfer	Skype	1
Conference Features	Application Sharing	TeamHangout	0
Conference Features	Annotation and Drawing Tools	TeamHangout	0
Conference Features	Audio	TeamHangout	1
Conference Features	Instant Messaging	TeamHangout	1
Conference Features	Remove Attendee from Meeting	TeamHangout	0
Conference Features	File Transfer via Virtual Storage Room	TeamHangout	1
Conference Features	Whiteboards	TeamHangout	1
Conference Features	Slide Show	TeamHangout	1
Conference Features	Screen Sharing	TeamHangout	1
Conference Features	Desktop Sharing	TeamHangout	1
Conference Features	Break-Out Sessions	TeamHangout	0
Conference Features	Video/Webcam	TeamHangout	1
Conference Features	Full Screen/ Partial Screen Mode	TeamHangout	1
Conference Features	Co-Browsing	TeamHangout	0
Conference Features	File Transfer	TeamHangout	0
Conference Features	Application Sharing	Teleskill Live	0
Conference Features	Annotation and Drawing Tools	Teleskill Live	0
Conference Features	Audio	Teleskill Live	1
Conference Features	Instant Messaging	Teleskill Live	1
Conference Features	Remove Attendee from Meeting	Teleskill Live	0
Conference Features	File Transfer via Virtual Storage Room	Teleskill Live	1
Conference Features	Whiteboards	Teleskill Live	0
Conference Features	Slide Show	Teleskill Live	1
Conference Features	Screen Sharing	Teleskill Live	1
Conference Features	Desktop Sharing	Teleskill Live	1
Conference Features	Break-Out Sessions	Teleskill Live	0
Conference Features	Video/Webcam	Teleskill Live	1
Conference Features	Full Screen/ Partial Screen Mode	Teleskill Live	0
Conference Features	Co-Browsing	Teleskill Live	0
Conference Features	File Transfer	Teleskill Live	0
Conference Features	Application Sharing	MeetingBurner	0
Conference Features	Annotation and Drawing Tools	MeetingBurner	0
Conference Features	Audio	MeetingBurner	1
Conference Features	Instant Messaging	MeetingBurner	1
Conference Features	Remove Attendee from Meeting	MeetingBurner	0
Conference Features	File Transfer via Virtual Storage Room	MeetingBurner	0
Conference Features	Whiteboards	MeetingBurner	0
Conference Features	Slide Show	MeetingBurner	0
Conference Features	Screen Sharing	MeetingBurner	1
Conference Features	Desktop Sharing	MeetingBurner	0
Conference Features	Break-Out Sessions	MeetingBurner	0
Conference Features	Video/Webcam	MeetingBurner	1
Conference Features	Full Screen/ Partial Screen Mode	MeetingBurner	0
Conference Features	Co-Browsing	MeetingBurner	0
Conference Features	File Transfer	MeetingBurner	0
Conference Features	Application Sharing	spreed.com	0
Conference Features	Annotation and Drawing Tools	spreed.com	1
Conference Features	Audio	spreed.com	1
Conference Features	Instant Messaging	spreed.com	1
Conference Features	Remove Attendee from Meeting	spreed.com	0
Conference Features	File Transfer via Virtual Storage Room	spreed.com	0
Conference Features	Whiteboards	spreed.com	1
Conference Features	Slide Show	spreed.com	1
Conference Features	Screen Sharing	spreed.com	1
Conference Features	Desktop Sharing	spreed.com	1
Conference Features	Break-Out Sessions	spreed.com	0
Conference Features	Video/Webcam	spreed.com	1
Conference Features	Full Screen/ Partial Screen Mode	spreed.com	0
Conference Features	Co-Browsing	spreed.com	0
Conference Features	File Transfer	spreed.com	1
Meeting Follow-up Features	Participant Reporting	FastViewer	0
Meeting Follow-up Features	Inactivity Time-outs	FastViewer	0
Meeting Follow-up Features	Surveys and Polls	FastViewer	0
Meeting Follow-up Features	Meeting Recording/ Playback	FastViewer	1
Meeting Follow-up Features	Participant Reporting	Veeting Rooms	1
Meeting Follow-up Features	Inactivity Time-outs	Veeting Rooms	0
Meeting Follow-up Features	Surveys and Polls	Veeting Rooms	0
Meeting Follow-up Features	Meeting Recording/ Playback	Veeting Rooms	0
Meeting Follow-up Features	Participant Reporting	Lucid Meetings	1
Meeting Follow-up Features	Inactivity Time-outs	Lucid Meetings	1
Meeting Follow-up Features	Surveys and Polls	Lucid Meetings	1
Meeting Follow-up Features	Meeting Recording/ Playback	Lucid Meetings	1
Meeting Follow-up Features	Participant Reporting	Glance	1
Meeting Follow-up Features	Inactivity Time-outs	Glance	1
Meeting Follow-up Features	Surveys and Polls	Glance	0
Meeting Follow-up Features	Meeting Recording/ Playback	Glance	1
Meeting Follow-up Features	Participant Reporting	SaasBoard	0
Meeting Follow-up Features	Inactivity Time-outs	SaasBoard	0
Meeting Follow-up Features	Surveys and Polls	SaasBoard	0
Meeting Follow-up Features	Meeting Recording/ Playback	SaasBoard	1
Meeting Follow-up Features	Participant Reporting	Skype	0
Meeting Follow-up Features	Inactivity Time-outs	Skype	0
Meeting Follow-up Features	Surveys and Polls	Skype	0
Meeting Follow-up Features	Meeting Recording/ Playback	Skype	0
Meeting Follow-up Features	Participant Reporting	TeamHangout	0
Meeting Follow-up Features	Inactivity Time-outs	TeamHangout	0
Meeting Follow-up Features	Surveys and Polls	TeamHangout	0
Meeting Follow-up Features	Meeting Recording/ Playback	TeamHangout	1
Meeting Follow-up Features	Participant Reporting	Teleskill Live	0
Meeting Follow-up Features	Inactivity Time-outs	Teleskill Live	0
Meeting Follow-up Features	Surveys and Polls	Teleskill Live	1
Meeting Follow-up Features	Meeting Recording/ Playback	Teleskill Live	1
Meeting Follow-up Features	Participant Reporting	MeetingBurner	0
Meeting Follow-up Features	Inactivity Time-outs	MeetingBurner	0
Meeting Follow-up Features	Surveys and Polls	MeetingBurner	0
Meeting Follow-up Features	Meeting Recording/ Playback	MeetingBurner	1
Meeting Follow-up Features	Participant Reporting	spreed.com	0
Meeting Follow-up Features	Inactivity Time-outs	spreed.com	0
Meeting Follow-up Features	Surveys and Polls	spreed.com	1
Meeting Follow-up Features	Meeting Recording/ Playback	spreed.com	1
Security Features	Encryption	FastViewer	1
Security Features	One Time Password	FastViewer	0
Security Features	User Authentication	FastViewer	0
Security Features	Security Control Over Desktop Sharing	FastViewer	0
Security Features	Encryption	Veeting Rooms	1
Security Features	One Time Password	Veeting Rooms	0
Security Features	User Authentication	Veeting Rooms	1
Security Features	Security Control Over Desktop Sharing	Veeting Rooms	0
Security Features	Encryption	Lucid Meetings	0
Security Features	One Time Password	Lucid Meetings	1
Security Features	User Authentication	Lucid Meetings	1
Security Features	Security Control Over Desktop Sharing	Lucid Meetings	0
Security Features	Encryption	Glance	1
Security Features	One Time Password	Glance	1
Security Features	User Authentication	Glance	1
Security Features	Security Control Over Desktop Sharing	Glance	1
Security Features	Encryption	SaasBoard	1
Security Features	One Time Password	SaasBoard	0
Security Features	User Authentication	SaasBoard	0
Security Features	Security Control Over Desktop Sharing	SaasBoard	0
Security Features	Encryption	Skype	1
Security Features	One Time Password	Skype	1
Security Features	User Authentication	Skype	1
Security Features	Security Control Over Desktop Sharing	Skype	1
Security Features	Encryption	TeamHangout	0
Security Features	One Time Password	TeamHangout	0
Security Features	User Authentication	TeamHangout	0
Security Features	Security Control Over Desktop Sharing	TeamHangout	0
Security Features	Encryption	Teleskill Live	1
Security Features	One Time Password	Teleskill Live	0
Security Features	User Authentication	Teleskill Live	0
Security Features	Security Control Over Desktop Sharing	Teleskill Live	0
Security Features	Encryption	MeetingBurner	0
Security Features	One Time Password	MeetingBurner	0
Security Features	User Authentication	MeetingBurner	0
Security Features	Security Control Over Desktop Sharing	MeetingBurner	0
Security Features	Encryption	spreed.com	1
Security Features	One Time Password	spreed.com	0
Security Features	User Authentication	spreed.com	0
Security Features	Security Control Over Desktop Sharing	spreed.com	0
Invitation Features	Schedule Meetings	FastViewer	0
Invitation Features	Calendar for Meetings	FastViewer	1
Invitation Features	Ad-Hoc/Instant Meetings	FastViewer	1
Invitation Features	Schedule Meetings	Veeting Rooms	1
Invitation Features	Calendar for Meetings	Veeting Rooms	1
Invitation Features	Ad-Hoc/Instant Meetings	Veeting Rooms	1
Invitation Features	Schedule Meetings	Lucid Meetings	1
Invitation Features	Calendar for Meetings	Lucid Meetings	1
Invitation Features	Ad-Hoc/Instant Meetings	Lucid Meetings	1
Invitation Features	Schedule Meetings	Glance	1
Invitation Features	Calendar for Meetings	Glance	0
Invitation Features	Ad-Hoc/Instant Meetings	Glance	1
Invitation Features	Schedule Meetings	SaasBoard	1
Invitation Features	Calendar for Meetings	SaasBoard	1
Invitation Features	Ad-Hoc/Instant Meetings	SaasBoard	0
Invitation Features	Schedule Meetings	Skype	0
Invitation Features	Calendar for Meetings	Skype	0
Invitation Features	Ad-Hoc/Instant Meetings	Skype	0
Invitation Features	Schedule Meetings	TeamHangout	0
Invitation Features	Calendar for Meetings	TeamHangout	0
Invitation Features	Ad-Hoc/Instant Meetings	TeamHangout	1
Invitation Features	Schedule Meetings	Teleskill Live	0
Invitation Features	Calendar for Meetings	Teleskill Live	0
Invitation Features	Ad-Hoc/Instant Meetings	Teleskill Live	0
Invitation Features	Schedule Meetings	MeetingBurner	1
Invitation Features	Calendar for Meetings	MeetingBurner	0
Invitation Features	Ad-Hoc/Instant Meetings	MeetingBurner	1
Invitation Features	Schedule Meetings	spreed.com	1
Invitation Features	Calendar for Meetings	spreed.com	0
Invitation Features	Ad-Hoc/Instant Meetings	spreed.com	0
Meeting Follow-up Features	Participant Reporting	Conference Calls Unlimited	1
Meeting Follow-up Features	Inactivity Time-outs	Conference Calls Unlimited	0
Meeting Follow-up Features	Surveys and Polls	Conference Calls Unlimited	1
Meeting Follow-up Features	Meeting Recording/ Playback	Conference Calls Unlimited	1
Meeting Follow-up Features	Participant Reporting	WebEx Meeting Center	0
Meeting Follow-up Features	Inactivity Time-outs	WebEx Meeting Center	0
Meeting Follow-up Features	Surveys and Polls	WebEx Meeting Center	0
Meeting Follow-up Features	Meeting Recording/ Playback	WebEx Meeting Center	1
Meeting Follow-up Features	Participant Reporting	Webinato	1
Meeting Follow-up Features	Inactivity Time-outs	Webinato	0
Meeting Follow-up Features	Surveys and Polls	Webinato	1
Meeting Follow-up Features	Meeting Recording/ Playback	Webinato	1
Meeting Follow-up Features	Participant Reporting	Yugma	0
Meeting Follow-up Features	Inactivity Time-outs	Yugma	0
Meeting Follow-up Features	Surveys and Polls	Yugma	1
Meeting Follow-up Features	Meeting Recording/ Playback	Yugma	1
Meeting Follow-up Features	Participant Reporting	Yuuguu	0
Meeting Follow-up Features	Inactivity Time-outs	Yuuguu	1
Meeting Follow-up Features	Surveys and Polls	Yuuguu	0
Meeting Follow-up Features	Meeting Recording/ Playback	Yuuguu	1
Meeting Follow-up Features	Participant Reporting	iLinc	0
Meeting Follow-up Features	Inactivity Time-outs	iLinc	1
Meeting Follow-up Features	Surveys and Polls	iLinc	1
Meeting Follow-up Features	Meeting Recording/ Playback	iLinc	1
Security Features	Encryption	Conference Calls Unlimited	1
Security Features	One Time Password	Conference Calls Unlimited	1
Security Features	User Authentication	Conference Calls Unlimited	1
Security Features	Security Control Over Desktop Sharing	Conference Calls Unlimited	1
Security Features	Encryption	WebEx Meeting Center	1
Security Features	One Time Password	WebEx Meeting Center	1
Security Features	User Authentication	WebEx Meeting Center	1
Security Features	Security Control Over Desktop Sharing	WebEx Meeting Center	1
Security Features	Encryption	Webinato	1
Security Features	One Time Password	Webinato	1
Security Features	User Authentication	Webinato	1
Security Features	Security Control Over Desktop Sharing	Webinato	0
Security Features	Encryption	Yugma	1
Security Features	One Time Password	Yugma	0
Security Features	User Authentication	Yugma	1
Security Features	Security Control Over Desktop Sharing	Yugma	1
Security Features	Encryption	Yuuguu	1
Security Features	One Time Password	Yuuguu	0
Security Features	User Authentication	Yuuguu	0
Security Features	Security Control Over Desktop Sharing	Yuuguu	0
Security Features	Encryption	iLinc	1
Security Features	One Time Password	iLinc	1
Security Features	User Authentication	iLinc	0
Security Features	Security Control Over Desktop Sharing	iLinc	1
Invitation Features	Schedule Meetings	Conference Calls Unlimited	1
Invitation Features	Schedule Recurring Meetings	Conference Calls Unlimited	1
Invitation Features	Calendar for Meetings	Conference Calls Unlimited	1
Invitation Features	Ad-Hoc/Instant Meetings	Conference Calls Unlimited	1
Invitation Features	Schedule Meetings	WebEx Meeting Center	1
Invitation Features	Schedule Recurring Meetings	WebEx Meeting Center	1
Invitation Features	Calendar for Meetings	WebEx Meeting Center	1
Invitation Features	Ad-Hoc/Instant Meetings	WebEx Meeting Center	1
Invitation Features	Schedule Meetings	Webinato	1
Invitation Features	Schedule Recurring Meetings	Webinato	0
Invitation Features	Calendar for Meetings	Webinato	0
Invitation Features	Ad-Hoc/Instant Meetings	Webinato	1
Invitation Features	Schedule Meetings	Yugma	1
Invitation Features	Schedule Recurring Meetings	Yugma	0
Invitation Features	Calendar for Meetings	Yugma	1
Invitation Features	Ad-Hoc/Instant Meetings	Yugma	0
Invitation Features	Schedule Meetings	Yuuguu	1
Invitation Features	Schedule Recurring Meetings	Yuuguu	0
Invitation Features	Calendar for Meetings	Yuuguu	1
Invitation Features	Ad-Hoc/Instant Meetings	Yuuguu	1
Invitation Features	Schedule Meetings	iLinc	1
Invitation Features	Schedule Recurring Meetings	iLinc	0
Invitation Features	Calendar for Meetings	iLinc	0
Invitation Features	Ad-Hoc/Instant Meetings	iLinc	1
