g	f	24SevenOffice	4PM	5PM	Active Collab	Agile Bench	AgileWrap	AgileZen	Apptivo Projects	Asana	Assembla	Axosoft	Basecamp 3	Breeze	Brightpod	Cerebro	Clarizen	Collabtive	Crocagile	DevPlanner	Dolphinity Organiser	Easy Redmine	EasyProject	EasyProjects	EcoSys EPC	Endeavour	Feng Office	Flying Donut	FogBugz	GanttProject	Gemini	Genius Project	Getquantify	Glasscubes	Hansoft	Happytodos	Huddle	HumanEdj	Hydra PSA	Hyperoffice	Innotas	JIRA	KanbanTool	KeyedIn Projects	LeaderTask	Mavenlink	Merlin Project	Microsoft Project	MindManager	Mingle	MinuteMan	MÃ©tier	OmniPlan	OneDesk	OnePMO	OnlyOffice	OpenAir	OrangeScrum	PMware	PPM Litecycle	Pivotal Tracker	Planbox	Planisware	PlanningForce	Podio	ProTasker	ProWorkflow	Producteev	ProjeQtOr	Project Insight	Project Portfolio Office	Project X	Project.net	ProjectLibre	ProjectManager.com	Projecturf	ProofHub	Psoda	Pure Project Tools	QL Project	QuickBase	RationalPlan	Redbooth	SAP ERP	Sciforma	ScrumNinja	Seavus Project Viewer	Service Desktop Pro	Smart WorkTime Tracker	Smartsheet	SoftAgile	SpiraPlan	Steelray	TaskJuggler	TeamPulse	Teamwork Projects	Tenrox	Todoist	Trac	Trakeze	Trello	Trigger	Twproject	Unanet	UniPhi	Virage Project Monitor	Virtual Ticket	VisionProject	Visma Severa	Vorex PSA	Waypoint	Webplanner	Wimi	Workfront	Wrike	Yodiz	ZilicusPM	ZingProject	]project-open[	dotProject	eStudio	hiTask	iCoordinator	iMeet Central	iTaskX	onepoint PROJECTS	tinyPM
Agile Project Management	Burndown Charts	0.0	0.0	0.0	0.0	1.0	1.0	1.0		0.0	1.0	1.0	0.0		1.0	0.0	1.0	0.0	1.0	0.0	0.0	1.0	0.0	0.0	1.0	0.0	0.0	0.0	1.0	1.0	1.0	1.0	0.0	0.0	1.0	0.0		0.0	0.0	0.0	0.0	1.0	1.0	0.0	0.0	0.0	1.0	1.0	0.0	1.0	0.0	1.0	0.0	1.0	0.0	0.0		1.0	1.0	1.0	1.0	1.0	1.0	1.0	1.0	0.0		0.0	0.0	0.0	0.0	0.0	0.0	0.0	0.0		1.0	1.0	0.0	0.0		0.0	0.0	0.0	1.0	1.0	0.0		1.0	1.0	0.0	1.0		1.0	1.0	0.0	0.0			0.0	0.0	0.0	1.0		0.0	1.0	0.0	1.0			1.0	0.0	1.0	1.0	0.0	1.0	0.0	0.0	0.0	0.0	1.0	0.0	0.0		0.0	1.0	1.0
Agile Project Management	Card View			1.0	0.0	1.0	1.0	1.0	0.0		1.0	1.0		1.0	0.0		0.0	1.0	1.0	0.0	0.0	0.0	0.0	0.0	0.0	0.0	0.0	0.0	0.0	0.0	1.0	1.0	0.0	0.0	1.0	1.0		0.0		0.0	0.0	1.0	1.0		0.0	0.0	0.0		0.0	1.0	0.0	0.0	0.0	0.0		0.0	0.0		1.0	0.0		0.0	1.0		1.0	0.0	0.0	0.0	0.0	0.0		1.0		0.0	0.0		0.0	1.0	0.0	0.0		0.0			0.0	1.0	0.0		0.0	1.0		1.0	1.0	0.0	0.0	1.0	0.0			0.0	1.0	0.0		0.0	0.0	0.0		0.0		0.0	0.0	0.0	0.0	0.0		1.0	0.0	0.0	0.0	0.0		0.0	0.0		0.0	0.0	1.0
Agile Project Management	Cycle Time Analytics			0.0				1.0		1.0				1.0	0.0	0.0	0.0	0.0	1.0	1.0	0.0	0.0	0.0		0.0		0.0		0.0	0.0		1.0				0.0		1.0	0.0	0.0	0.0	0.0	0.0	0.0	0.0	0.0	0.0		0.0	1.0	0.0	0.0		0.0	0.0	0.0		1.0	1.0	0.0			1.0	0.0	0.0	0.0			0.0		1.0	0.0	0.0	0.0	1.0		0.0			0.0		0.0		0.0	1.0				0.0		0.0			0.0	1.0	0.0					0.0	0.0	1.0	0.0	1.0	0.0		1.0		1.0		0.0	0.0	0.0	0.0			0.0		1.0	0.0	0.0	0.0		1.0	0.0	
Agile Project Management	Kanban			0.0	1.0	0.0	1.0	1.0		0.0	1.0	1.0		1.0	1.0	0.0	0.0	0.0	1.0			1.0	0.0	0.0	1.0	0.0	0.0	0.0	0.0	0.0	1.0	1.0	1.0	0.0	1.0	0.0		0.0	0.0	0.0	0.0	1.0	1.0	0.0		0.0	0.0		0.0	1.0			0.0	0.0	0.0	0.0		1.0	1.0	0.0		1.0	1.0	1.0	0.0	0.0		0.0	0.0	0.0	0.0	0.0	0.0	0.0	0.0		0.0	1.0	0.0	0.0		0.0		0.0	0.0	1.0	0.0			0.0	1.0	1.0			1.0		0.0	1.0	0.0	0.0	0.0	0.0	1.0	0.0	0.0	0.0		1.0		0.0	1.0	0.0	1.0	0.0	1.0	1.0	0.0	0.0	0.0	0.0	0.0	0.0	0.0		0.0	0.0	0.0
Agile Project Management	Manage Product Backlog		0.0	0.0	0.0	1.0	1.0	1.0			1.0	1.0	0.0	1.0	0.0	0.0	0.0	0.0	1.0	0.0	0.0	1.0	0.0	0.0	0.0	1.0	0.0	1.0	1.0	0.0	1.0	1.0	1.0	0.0	1.0			1.0		1.0		1.0	0.0		0.0	0.0	0.0		0.0	1.0	0.0	1.0	0.0	1.0		0.0			1.0	0.0	1.0	1.0	1.0		0.0	0.0		0.0	1.0	0.0		0.0	0.0	0.0	0.0			1.0	0.0	0.0		0.0	0.0		1.0	0.0	0.0		0.0	1.0	1.0	1.0		0.0		0.0	0.0			0.0	0.0	0.0	0.0	0.0	1.0	0.0	0.0	0.0		0.0	0.0	0.0	0.0	1.0	1.0	1.0	0.0	0.0	0.0	0.0	0.0	0.0	0.0		0.0	0.0	1.0
Agile Project Management	Scrum Methodology			0.0	0.0	0.0	1.0	1.0			1.0	1.0			1.0	0.0	0.0	0.0	1.0	0.0	0.0	1.0	0.0	0.0	0.0	0.0	0.0	1.0	1.0	0.0	1.0	1.0	0.0	0.0	1.0	0.0		1.0	0.0	0.0	1.0	1.0		0.0	0.0	0.0	0.0		0.0	1.0	0.0	1.0	0.0	0.0	0.0	0.0			1.0	0.0		1.0	1.0	1.0	0.0	0.0		0.0		0.0	0.0	0.0	0.0	0.0	0.0		0.0	1.0	0.0			0.0		0.0	1.0	0.0	1.0		0.0	0.0	1.0	1.0		1.0	1.0	0.0	0.0	1.0	0.0	0.0			1.0		0.0	0.0		1.0			0.0	0.0	0.0	0.0	1.0	1.0	0.0	0.0	1.0	0.0	0.0	0.0	0.0				0.0
Agile Project Management	User Stories		0.0	1.0	1.0	1.0	1.0	1.0	1.0		1.0	1.0	0.0	1.0	1.0	0.0	0.0	0.0	1.0	0.0	0.0	1.0	0.0	1.0	1.0	1.0	0.0	1.0	0.0	0.0	0.0	0.0	0.0	0.0	1.0	0.0	0.0	1.0		0.0	0.0	0.0	0.0		0.0	0.0	0.0		0.0	0.0	0.0	1.0	0.0	1.0		1.0	0.0		1.0	1.0	1.0	1.0	1.0		0.0	0.0	0.0	1.0	1.0	1.0		0.0	0.0	1.0	1.0	1.0	0.0	1.0	0.0	0.0		0.0	1.0		1.0	0.0	0.0	0.0	0.0	1.0	1.0	1.0	1.0	0.0	1.0	1.0	1.0			0.0	1.0	0.0	1.0	1.0	1.0	0.0	0.0	0.0		1.0	1.0	0.0	1.0	1.0	1.0	1.0	0.0	0.0	0.0	1.0	0.0	0.0	1.0		1.0	0.0	1.0
Agile Project Management	Version Control		0.0	1.0	0.0		1.0	1.0			1.0	1.0	0.0	0.0	1.0	0.0	0.0	0.0	1.0	0.0	0.0	1.0	0.0	0.0	0.0		0.0		0.0	0.0	0.0	1.0	0.0			0.0		1.0		0.0	1.0	0.0	0.0		0.0	0.0	0.0		0.0	0.0	0.0	1.0	0.0	0.0		1.0			1.0	0.0	0.0	0.0	1.0		0.0	0.0		0.0	1.0	0.0		0.0	0.0	1.0	0.0		0.0	1.0	0.0	0.0		0.0	0.0		1.0				0.0	1.0	0.0	1.0		0.0	0.0	0.0	0.0			0.0	0.0	0.0	1.0	1.0	1.0	0.0	1.0	1.0		0.0		0.0	1.0	1.0	1.0	1.0	0.0	0.0	0.0	0.0	1.0	0.0	1.0		1.0	1.0	0.0
Budget and Expenses	Create Budgets	0.0	0.0	0.0	1.0	0.0	0.0	0.0	0.0	0.0	0.0	0.0	0.0		1.0	1.0	1.0	0.0	1.0	0.0	0.0	0.0	1.0	0.0	1.0	0.0	0.0	1.0	0.0	0.0	0.0	1.0	1.0	1.0	1.0	0.0		1.0	1.0	0.0	1.0	0.0	0.0	1.0	0.0	1.0	0.0	1.0	1.0	0.0	1.0	1.0	0.0	0.0	1.0	0.0	0.0	1.0	1.0	1.0	1.0	0.0	0.0	1.0	0.0	0.0	0.0		0.0	1.0	1.0	0.0	0.0	1.0	0.0		0.0	1.0	0.0	0.0		1.0	0.0	1.0	1.0	0.0	0.0		0.0	1.0	0.0		1.0	0.0	0.0	0.0	1.0			1.0	0.0	1.0	0.0		1.0	1.0	1.0	0.0			1.0	0.0	1.0	0.0	0.0	0.0	1.0	1.0	1.0	1.0	1.0	0.0	1.0		1.0	1.0	1.0
Budget and Expenses	Forecast Budgets	1.0	0.0	0.0	0.0		0.0	0.0	0.0		0.0	0.0	0.0		1.0	1.0	0.0	0.0	0.0	0.0	0.0	1.0	1.0	0.0	1.0		0.0	0.0	0.0	0.0	0.0	1.0	0.0		0.0	0.0		1.0	0.0	0.0	1.0	0.0	1.0	1.0	1.0	0.0	1.0	1.0	0.0	1.0	0.0	1.0	0.0	0.0	1.0	0.0	0.0		1.0	1.0	0.0	0.0	1.0	0.0	0.0	0.0	0.0		1.0	0.0	1.0	0.0	0.0	0.0	0.0		0.0	1.0	0.0	0.0	0.0	1.0	0.0	1.0	1.0				0.0	1.0	0.0		1.0	1.0	0.0	0.0	1.0			1.0	0.0	1.0	0.0		1.0	1.0	1.0	0.0	1.0		1.0	0.0	1.0	1.0	0.0	0.0	1.0	1.0	1.0	1.0	0.0	0.0	1.0	0.0	1.0	1.0	1.0
Budget and Expenses	Manage Expenses	1.0	1.0	0.0	1.0	0.0	0.0	1.0	1.0	0.0	0.0	1.0	0.0		0.0	1.0	1.0	0.0	0.0	0.0	1.0	1.0	1.0	0.0	1.0	0.0	0.0	1.0	0.0	1.0	0.0	1.0	1.0	0.0	1.0	0.0	0.0	1.0	1.0	0.0	1.0	0.0	0.0	1.0	0.0	1.0	1.0	0.0	0.0	0.0	1.0	1.0	0.0	0.0	0.0	0.0	1.0	1.0	1.0	1.0	0.0	0.0	1.0	1.0	0.0	0.0	1.0		1.0	1.0	1.0	1.0	0.0	1.0	1.0	0.0	0.0	1.0	0.0	1.0	1.0	1.0	0.0	1.0	1.0	1.0	0.0	1.0	0.0	1.0	0.0		1.0	0.0	0.0	0.0	1.0	1.0	0.0	1.0	0.0	1.0	1.0		1.0	1.0	1.0	1.0	1.0		1.0	0.0	1.0	1.0	1.0	1.0	1.0	0.0	1.0	1.0	1.0	0.0	1.0	0.0	1.0	1.0	1.0
Budget and Expenses	Set Hourly Rates	0.0	1.0	0.0	1.0		1.0		0.0	0.0	0.0	0.0	0.0		1.0	1.0	1.0	0.0	1.0	0.0	0.0	1.0	0.0	0.0	0.0			1.0			0.0	1.0	1.0		0.0	1.0		1.0	0.0		0.0		0.0	0.0	0.0			1.0		0.0	1.0	1.0	0.0		0.0		1.0	1.0	1.0	1.0	0.0	0.0	0.0	0.0	0.0		1.0		1.0	0.0	1.0		0.0				0.0	1.0	0.0	0.0	0.0	1.0	0.0	0.0	1.0				1.0	1.0	0.0		0.0	0.0	0.0	0.0	1.0			0.0	0.0	1.0	0.0		0.0		0.0		1.0		1.0		0.0	0.0	1.0	0.0	1.0	0.0	0.0	0.0	1.0	0.0	0.0	0.0	0.0	1.0	0.0
Budget and Expenses	Track Burn Rate	0.0		0.0		0.0		0.0	1.0		1.0	0.0			1.0	0.0	1.0	0.0	0.0	0.0	0.0	0.0	0.0	0.0	1.0	1.0	0.0	1.0	0.0	0.0	0.0	1.0	0.0	1.0	0.0		0.0	1.0		0.0		0.0	0.0		0.0	1.0	0.0	1.0	0.0	1.0	1.0	1.0	0.0	0.0		0.0	0.0		0.0	1.0		0.0	1.0		0.0	0.0	0.0	0.0	1.0	0.0		1.0	0.0	0.0	0.0	0.0		1.0	0.0	0.0		1.0			1.0	0.0	0.0	1.0	1.0	0.0	1.0	1.0	0.0	0.0		0.0	1.0			0.0	0.0	1.0	1.0		1.0	0.0		0.0			1.0	0.0	0.0	0.0	1.0	1.0	1.0	0.0	0.0	0.0	0.0	0.0	1.0		0.0	0.0	
Budget and Expenses	Track Project Hours	1.0	1.0	1.0	1.0	0.0	1.0	1.0	1.0	0.0	1.0	1.0	1.0		1.0	0.0	1.0	1.0	1.0	1.0	0.0	1.0	1.0	1.0	1.0	0.0	0.0	1.0	1.0	1.0	1.0	1.0	1.0	1.0	0.0	1.0	1.0	1.0	1.0	1.0	1.0	1.0	1.0	1.0	0.0	1.0	0.0	1.0	1.0	1.0	1.0	1.0	1.0	1.0	1.0	1.0	1.0	1.0	1.0	1.0	0.0	0.0	1.0	1.0	0.0	1.0	1.0	1.0	1.0	1.0	1.0	1.0	1.0	0.0	1.0	1.0	1.0	1.0	0.0	1.0	1.0	1.0	1.0	0.0	1.0	0.0	1.0	1.0	1.0	1.0	0.0	1.0	1.0	1.0	1.0	1.0	1.0	1.0	1.0	1.0	1.0	1.0	1.0		1.0	1.0	0.0	1.0	1.0		1.0	1.0	1.0	0.0	1.0	0.0	1.0	1.0	1.0	0.0	1.0	1.0	1.0	0.0	1.0	1.0	1.0
Budget and Expenses	Track Staff Hours	1.0	1.0	1.0	1.0	0.0	1.0	0.0	1.0	0.0	1.0	1.0	0.0		1.0	0.0	1.0	1.0	1.0	1.0	0.0	1.0	1.0	1.0	0.0	1.0	1.0	0.0	0.0	1.0	1.0	1.0	1.0	1.0	1.0	0.0	0.0	1.0	1.0	0.0	1.0	1.0	1.0	1.0	0.0	1.0	0.0	1.0	0.0	1.0	1.0	1.0	1.0	1.0	0.0	1.0	1.0	1.0	1.0	0.0	0.0	0.0	1.0	1.0	0.0	1.0	1.0		1.0	1.0	1.0	1.0	1.0	0.0	1.0	1.0	1.0	1.0	0.0	1.0	1.0	1.0	1.0	0.0	1.0	1.0	1.0	1.0	0.0	1.0	0.0		0.0	1.0	1.0	1.0	1.0	1.0	0.0	1.0	0.0	1.0	1.0		1.0	1.0	0.0	1.0	1.0		1.0	0.0	1.0	1.0	1.0	0.0	1.0	1.0	1.0	0.0	1.0	1.0	1.0	0.0	1.0	1.0	0.0
Collaboration	Create Teams/Groups		0.0	1.0	1.0	1.0	1.0	1.0	1.0	1.0	1.0	1.0	1.0	1.0	1.0	0.0	0.0	0.0	1.0	0.0	0.0	1.0	0.0	1.0	1.0	0.0	1.0	1.0	0.0	0.0	1.0	1.0	1.0	0.0	0.0		1.0	1.0	0.0	0.0		0.0	0.0	1.0	1.0	1.0	0.0		1.0	0.0	1.0	1.0	1.0	0.0	1.0	1.0	0.0	1.0	1.0	0.0	1.0	0.0	0.0	0.0	1.0	0.0	0.0		1.0	1.0	1.0	0.0	1.0	0.0	1.0	0.0		1.0	1.0	0.0	1.0	0.0	0.0	1.0	1.0	0.0	1.0	0.0	0.0	1.0	0.0		0.0	1.0		1.0	1.0	1.0	1.0	1.0	1.0	1.0	1.0	0.0	1.0	0.0	1.0	1.0	0.0	0.0	1.0	1.0	0.0	0.0	1.0	1.0	1.0	1.0	0.0	0.0	1.0	0.0	1.0	1.0	1.0	1.0	1.0
Collaboration	Document Management		1.0	0.0	1.0	0.0	0.0	1.0	1.0	0.0	1.0	1.0	1.0	1.0	1.0	1.0	1.0	1.0	1.0	1.0	1.0	1.0	1.0	1.0	1.0	1.0	1.0	1.0	1.0	0.0	0.0	1.0	1.0	1.0	1.0	1.0	1.0	1.0	1.0	1.0	1.0	0.0	1.0	1.0	0.0	1.0	1.0		1.0	0.0	0.0	1.0	1.0	0.0	1.0	1.0	0.0	1.0	1.0	1.0	1.0	1.0	1.0	1.0	1.0	0.0	1.0		1.0	1.0	1.0	1.0	1.0	1.0	1.0	0.0	1.0	1.0	1.0	0.0	1.0	0.0	1.0	1.0	0.0	0.0	0.0	1.0	0.0	1.0	0.0		0.0	0.0	1.0	1.0	1.0	1.0	1.0	1.0	1.0	1.0	1.0	0.0	1.0	1.0	1.0	1.0	0.0	1.0	1.0	1.0	1.0	1.0	1.0	0.0	1.0	1.0	1.0	0.0	1.0	0.0	1.0	1.0	1.0	1.0	0.0
Collaboration	Forums		1.0	0.0	1.0	0.0	1.0	0.0	1.0	1.0	1.0	1.0	1.0	1.0	1.0	1.0	1.0	0.0	1.0	1.0	1.0	1.0	0.0	1.0	1.0	1.0	1.0	0.0	1.0	0.0	1.0	1.0	0.0	1.0	1.0	0.0	0.0	1.0	1.0	1.0	0.0	0.0	0.0	1.0	1.0	1.0	1.0		1.0	1.0	0.0	0.0	1.0	1.0	0.0	1.0	0.0	1.0	1.0	1.0	0.0	1.0	1.0	0.0	0.0	0.0	1.0		1.0	1.0	0.0	1.0	1.0	1.0	1.0	1.0	1.0	0.0	1.0	0.0	1.0	1.0	1.0	0.0	1.0	1.0	0.0	1.0	0.0	0.0	0.0		1.0	1.0	1.0	0.0	1.0	1.0	0.0	1.0	0.0	1.0	1.0	0.0	1.0	0.0	1.0	1.0	1.0	1.0	1.0	0.0	1.0	1.0	1.0	1.0	1.0	0.0	1.0	1.0	1.0	1.0	1.0	1.0	0.0	1.0	0.0
Collaboration	Messaging or Instant Messaging		0.0	1.0	1.0	1.0	1.0	1.0	1.0	1.0	1.0	0.0	1.0	1.0	1.0	1.0	1.0	1.0	1.0	0.0	0.0	1.0	0.0	1.0	0.0	0.0	1.0	0.0	0.0	0.0	1.0	1.0	0.0	1.0	1.0	1.0	1.0	1.0	1.0	1.0	0.0	1.0	0.0	1.0	1.0	1.0	0.0		0.0	0.0	0.0	1.0	0.0	1.0	1.0	1.0	0.0	1.0	1.0	0.0	1.0	1.0	1.0	1.0	1.0	0.0	1.0		1.0	0.0	1.0	0.0	1.0	0.0	1.0	1.0	1.0	1.0	0.0	0.0	0.0	1.0	1.0	0.0	1.0	0.0	0.0	0.0	0.0	1.0	0.0		1.0	0.0	1.0	1.0	1.0	1.0	0.0	1.0	0.0	1.0	1.0	1.0	1.0	1.0	0.0	1.0	0.0	1.0	1.0	0.0	1.0	1.0	1.0	1.0	1.0	1.0	1.0	0.0	1.0	1.0	1.0	1.0	0.0	0.0	0.0
Collaboration	RSS Feed		0.0	1.0	1.0	0.0	0.0		1.0	0.0	1.0	0.0	1.0		1.0	0.0	1.0	1.0	0.0			1.0	0.0	0.0	0.0	0.0	1.0		0.0	0.0	0.0	0.0	1.0	1.0		0.0	1.0	1.0	0.0	0.0	0.0	1.0	1.0	0.0			0.0		0.0	1.0			0.0		0.0		0.0	1.0	0.0	0.0	1.0	0.0	1.0	0.0	0.0		0.0		0.0	1.0	1.0	1.0	0.0	1.0	1.0	1.0	0.0	1.0	0.0	1.0	0.0	1.0	0.0	0.0	0.0	1.0	0.0	0.0		0.0	0.0		0.0		1.0		1.0	1.0	1.0	0.0	0.0	0.0	1.0		0.0		0.0		0.0				0.0	0.0	1.0	0.0	0.0	0.0	1.0	0.0	1.0	0.0	1.0	1.0	0.0	0.0	0.0
Collaboration	Social Collaboration Platform		0.0	1.0	1.0	0.0	0.0	0.0	1.0	1.0	1.0	1.0	1.0	1.0	1.0	0.0	1.0	0.0	1.0	0.0	0.0	1.0	1.0	1.0	1.0	0.0	0.0	1.0	0.0	0.0	1.0	1.0	0.0	0.0	1.0	1.0	1.0	1.0	1.0	1.0	0.0	1.0	0.0	1.0	0.0	1.0	0.0		0.0	1.0	0.0	1.0	0.0	1.0	1.0	1.0	0.0	0.0	0.0	0.0	0.0	1.0	1.0	1.0	1.0	0.0	1.0		0.0	1.0	1.0	0.0	1.0	1.0	0.0	1.0	1.0	1.0	0.0	1.0	0.0	0.0	0.0	0.0	1.0	0.0	1.0	0.0	0.0	0.0	0.0		0.0	0.0	1.0	0.0	1.0			1.0	0.0	1.0	1.0	0.0	1.0	0.0	1.0	0.0	0.0	0.0	1.0	1.0	0.0	1.0	1.0	1.0	1.0	1.0	1.0	1.0	1.0	0.0	1.0	1.0	1.0	1.0	0.0
Collaboration	Web Conferencing			1.0	1.0	0.0	0.0				0.0	0.0		0.0	1.0	0.0	0.0	0.0	0.0			1.0	1.0	1.0	1.0	1.0	0.0	1.0	0.0	0.0	0.0	1.0	0.0	1.0	0.0			0.0		0.0		0.0	0.0				0.0		0.0	0.0			0.0						0.0	1.0		0.0	0.0		0.0				1.0	0.0		0.0	0.0	1.0	0.0			0.0	0.0	0.0	0.0	0.0			0.0	0.0	0.0			0.0	0.0						0.0			0.0	0.0	0.0	0.0	1.0	1.0				0.0	0.0	1.0		1.0	0.0	1.0	0.0	1.0	0.0	0.0	1.0	1.0	0.0	1.0	1.0	0.0	0.0	0.0
Collaboration	Wiki		1.0	1.0	0.0	0.0	1.0	1.0	1.0		1.0	1.0	0.0	1.0	1.0	0.0	1.0	0.0	1.0	0.0	0.0	1.0	0.0	0.0	0.0	1.0	1.0		1.0	0.0	0.0	0.0	0.0	1.0			1.0	0.0		1.0		1.0			0.0	0.0	0.0		0.0	1.0	0.0	1.0	0.0	0.0		1.0	0.0		0.0	1.0	0.0	0.0	1.0		0.0	0.0	0.0			0.0		1.0	1.0	1.0	0.0	0.0		0.0	1.0		0.0	0.0	0.0		0.0	0.0	0.0	0.0	0.0	0.0	1.0		0.0	1.0		0.0	1.0	0.0	1.0	0.0			1.0	0.0	0.0	0.0	0.0	1.0	1.0	1.0		0.0	0.0	0.0	1.0	0.0	0.0	0.0	1.0	1.0	1.0	1.0	0.0	0.0			1.0
Customization	Curated Features			0.0					1.0	1.0	0.0	0.0			0.0	0.0	0.0	0.0	0.0	0.0	0.0	0.0	0.0	1.0	1.0		0.0		0.0	0.0	1.0	1.0	0.0					0.0	0.0	1.0		1.0	0.0	0.0	1.0		0.0		0.0	1.0	0.0	1.0	0.0		0.0		1.0	1.0	1.0	0.0		1.0	1.0	0.0	1.0		1.0		0.0	1.0	1.0	1.0	0.0	0.0	0.0			1.0	0.0	0.0	1.0	0.0		0.0	1.0				0.0	0.0	0.0		0.0	0.0		1.0	0.0	0.0	1.0	0.0	0.0	0.0	1.0		0.0				0.0				0.0	0.0	1.0	0.0	0.0	1.0	0.0	0.0	0.0	0.0	0.0	0.0	1.0	0.0	
Customization	Custom Fields	0.0		1.0					1.0	1.0	1.0	1.0			0.0	0.0	1.0	0.0	0.0	0.0	0.0	1.0	0.0	1.0	1.0		0.0	0.0	0.0	0.0	1.0	1.0	0.0		1.0	0.0		0.0	0.0	1.0	1.0	0.0	0.0	0.0	0.0		1.0	1.0	0.0	0.0	0.0	1.0	1.0		0.0		0.0	0.0	1.0	0.0		0.0	1.0	0.0	1.0		1.0	1.0	0.0	1.0	1.0	0.0	0.0	0.0	0.0		1.0	1.0	0.0	1.0	1.0	1.0		0.0	1.0				0.0	1.0	0.0	1.0	0.0	0.0	1.0	0.0	1.0	1.0	1.0	0.0	0.0	0.0	1.0		0.0				1.0		0.0		1.0	1.0	1.0	1.0	1.0	1.0	0.0	0.0	1.0	0.0	0.0	1.0	0.0	1.0	
Customization	Custom Labels	0.0	0.0	1.0	1.0		0.0		0.0	1.0	1.0	1.0	1.0		1.0	1.0	1.0	0.0	0.0	0.0	0.0	1.0	0.0	1.0	0.0		0.0	0.0	0.0	1.0	0.0	1.0			1.0	0.0		1.0	0.0	1.0	0.0	0.0	0.0	0.0	1.0		0.0	1.0	1.0	1.0	0.0	1.0	1.0		0.0		0.0	0.0	1.0	0.0	0.0		1.0	0.0	0.0		1.0	1.0	0.0	1.0	1.0	0.0	0.0	0.0	0.0		1.0			1.0	1.0	0.0	0.0	0.0	1.0				0.0	1.0	0.0	1.0	0.0	0.0	0.0	1.0	0.0				1.0	0.0	1.0		0.0		0.0		1.0		0.0		1.0	1.0	1.0			1.0	0.0	0.0	0.0	0.0	1.0	1.0	0.0	0.0	0.0
Customization	Custom User Interface		1.0	1.0	0.0	0.0	0.0	1.0			0.0	0.0	0.0	1.0	1.0	1.0	1.0	0.0		0.0	0.0		0.0	0.0		0.0	0.0	0.0	0.0	0.0	1.0	1.0	0.0	1.0	1.0	0.0	0.0	0.0	0.0	1.0	1.0	0.0	1.0	0.0	0.0	0.0	1.0		0.0	0.0	0.0	1.0	0.0	0.0	0.0	0.0					1.0	1.0	1.0	0.0	0.0	0.0		1.0	1.0	0.0	1.0	1.0	0.0	0.0	0.0	1.0	1.0	1.0	0.0	0.0	1.0	1.0	0.0	0.0	1.0	0.0	0.0	0.0	0.0	1.0	0.0	1.0		0.0	1.0	0.0	0.0	0.0	1.0	0.0	0.0	0.0	1.0	0.0	0.0	1.0	0.0	1.0	0.0	1.0	0.0	0.0	1.0	0.0	1.0	1.0	1.0		0.0	0.0	0.0	0.0		1.0	0.0	0.0	1.0
Customization	Software Development Kit	0.0				0.0					0.0	0.0				0.0	0.0	0.0	0.0	0.0	0.0	0.0		0.0	0.0	0.0					0.0	1.0	0.0	0.0											0.0			1.0		0.0	0.0	1.0	0.0						1.0	0.0		0.0	1.0					0.0		0.0			0.0					1.0	0.0			0.0			0.0	0.0	1.0		0.0	1.0	0.0	1.0		0.0		0.0	0.0			0.0			0.0											0.0	1.0	0.0	0.0	0.0	0.0	0.0	0.0		0.0				
Issue Tracking	Code Integration		0.0			1.0		0.0			1.0	1.0	0.0	0.0			0.0	0.0	0.0	0.0	0.0	1.0		1.0	0.0	1.0	0.0		0.0	0.0	1.0	1.0	0.0	0.0			0.0		0.0	1.0		1.0	0.0	1.0	1.0	0.0	0.0		0.0	0.0	1.0	1.0	0.0	0.0	0.0	0.0			0.0	1.0	0.0	0.0	0.0	0.0		0.0		1.0	1.0	0.0	0.0	0.0		1.0	0.0	1.0		1.0	0.0	0.0		0.0	0.0	0.0	1.0	1.0	0.0	0.0	0.0	0.0		1.0		0.0		0.0	0.0	0.0	1.0	0.0	0.0	0.0		0.0		0.0	1.0	1.0		1.0		0.0		0.0		0.0	1.0	1.0	0.0	0.0			0.0		0.0	0.0	
Issue Tracking	Escalation Management			0.0											0.0		1.0	0.0	0.0	0.0	0.0	0.0	0.0		0.0			0.0				1.0	0.0		0.0			0.0					0.0		0.0					0.0	0.0	1.0							1.0	1.0		0.0	1.0		0.0			1.0	0.0									1.0	0.0	0.0		0.0			0.0				0.0			0.0		0.0		0.0				0.0	0.0	1.0			1.0						1.0		0.0	0.0		0.0	0.0	0.0		0.0		0.0	0.0		0.0	0.0	
Issue Tracking	Issue History		0.0	1.0	1.0	1.0	1.0	0.0		0.0	1.0	1.0	1.0	1.0	1.0	0.0	1.0	0.0	1.0	1.0	0.0	1.0	0.0	0.0	0.0	0.0	0.0	0.0	1.0	0.0	0.0	1.0	0.0	1.0	1.0	0.0	0.0	1.0	1.0	1.0	0.0	0.0	0.0	1.0	1.0	0.0	1.0		0.0	0.0	0.0	1.0	1.0	0.0	0.0	0.0		1.0	1.0	1.0	0.0	0.0	1.0	0.0	0.0	1.0		0.0	1.0	1.0	1.0	0.0	1.0	0.0	1.0	0.0	1.0	1.0	0.0	0.0		0.0	0.0	1.0	1.0	0.0	0.0	1.0	0.0	1.0	0.0	1.0		0.0	0.0	0.0	0.0	1.0	1.0	0.0	0.0	1.0	1.0	1.0	1.0	0.0	1.0	1.0		1.0	1.0	1.0	0.0	1.0	0.0	1.0	1.0	1.0	1.0	0.0	1.0	0.0	1.0		0.0	1.0	0.0
Issue Tracking	Multiple Workflows		0.0	0.0	1.0	1.0	1.0	1.0	1.0	0.0	1.0	1.0	0.0	1.0	1.0	1.0	1.0	0.0	1.0	0.0	1.0	1.0	1.0	1.0	1.0	1.0	1.0	0.0	1.0	0.0	1.0	1.0	1.0	0.0	1.0	0.0		0.0	1.0	1.0	1.0	1.0	1.0	1.0	0.0	0.0	0.0		0.0	1.0	0.0	1.0	0.0	1.0	0.0	0.0	1.0	1.0	1.0	1.0	1.0	1.0	1.0	0.0	0.0	0.0	1.0	1.0	1.0	1.0	1.0	0.0	1.0	1.0	0.0		0.0	1.0	1.0	0.0	1.0	1.0	1.0	1.0	1.0	0.0	0.0		0.0	1.0	0.0	1.0	0.0	0.0	1.0	1.0	1.0	1.0	1.0	0.0	1.0	0.0	1.0	0.0	1.0	1.0	1.0	1.0	1.0	1.0	1.0	0.0	1.0	1.0	1.0	1.0	1.0	1.0	1.0	1.0	1.0	1.0	0.0	1.0	1.0	1.0	1.0
Learning and Support	24/7	1.0	1.0	1.0	0.0	0.0	1.0	0.0		0.0	0.0	0.0	0.0		1.0	0.0	1.0	0.0	0.0	0.0	0.0	0.0	0.0	0.0	1.0	1.0	0.0	1.0	0.0	0.0	0.0	1.0	0.0	0.0	0.0	1.0		1.0		1.0	0.0	0.0	0.0		0.0	1.0	0.0	0.0	0.0	1.0	0.0	1.0	0.0	0.0		0.0		1.0	1.0	1.0	0.0	0.0	0.0		0.0	0.0			1.0	0.0		0.0	0.0	1.0	0.0		0.0	1.0	0.0	0.0	1.0	0.0	0.0		0.0	1.0	1.0		0.0	1.0	0.0			0.0	1.0	1.0	0.0	1.0	0.0	0.0	1.0	0.0	1.0		1.0	0.0	0.0	1.0	1.0		0.0	0.0	1.0	0.0	1.0	1.0	1.0	0.0	0.0	1.0	1.0	0.0	1.0	1.0	0.0	0.0	1.0
Learning and Support	Blog		0.0	1.0	1.0	1.0	1.0	1.0		1.0	1.0	1.0	0.0		1.0	0.0	1.0	1.0	1.0	1.0	0.0	1.0	1.0	1.0	1.0	1.0	1.0	1.0	1.0	1.0	1.0	1.0	1.0	1.0	1.0	1.0	1.0	1.0		1.0	1.0	0.0	1.0		1.0	1.0	0.0		1.0	1.0	0.0	1.0	1.0	1.0		1.0		1.0	1.0	1.0	1.0	1.0	0.0		1.0	0.0			1.0	1.0		1.0	1.0	1.0	1.0	1.0	1.0	1.0	0.0	1.0	1.0	1.0	1.0		0.0	0.0	0.0	0.0	0.0	1.0	1.0			0.0	1.0	1.0	1.0	1.0	0.0	0.0	1.0	1.0	1.0		1.0	1.0	1.0	0.0	0.0		1.0	1.0	1.0	1.0	1.0	1.0	1.0	1.0	1.0	1.0	0.0	1.0	1.0	1.0	0.0	0.0	1.0
Learning and Support	Brochures		0.0	1.0	0.0	0.0	1.0	0.0			0.0	0.0	0.0		1.0	1.0	1.0	0.0	0.0	0.0	0.0	0.0	0.0	1.0	1.0	0.0	0.0	0.0	0.0	0.0	0.0	1.0	0.0	0.0	1.0	0.0		1.0		0.0	1.0	0.0	0.0		0.0	0.0	1.0		0.0	0.0	0.0	1.0	0.0	0.0		0.0			0.0	1.0	1.0	0.0	1.0		0.0	0.0			1.0	0.0		0.0	0.0	0.0	1.0		0.0	1.0	0.0	0.0	0.0	0.0	1.0		1.0	0.0	1.0		0.0	0.0	1.0			0.0	1.0	0.0	1.0	1.0	1.0	0.0	0.0	0.0	1.0		0.0	1.0	0.0	0.0	0.0		0.0	0.0	0.0	1.0	0.0	0.0	1.0	0.0	0.0	0.0	0.0	0.0	0.0	1.0	0.0	1.0	0.0
Learning and Support	Email	1.0	1.0	1.0	0.0	1.0	1.0	0.0		1.0	1.0	1.0	1.0		1.0	1.0	1.0	1.0	1.0	1.0	0.0	1.0	1.0	1.0	1.0	1.0	1.0	1.0	1.0	0.0	1.0	1.0	1.0	1.0	0.0	1.0	1.0	1.0		1.0	1.0	0.0	0.0		1.0	1.0	1.0	1.0	0.0	0.0	1.0	1.0	1.0	1.0		1.0		1.0	1.0	1.0	1.0	1.0	1.0		1.0	0.0			1.0	1.0		1.0	1.0	1.0	1.0	1.0	1.0	1.0	1.0	1.0	1.0	1.0	1.0		1.0	0.0	1.0	1.0	0.0	1.0	1.0			0.0	1.0	1.0	1.0	1.0	0.0	1.0	1.0	1.0	1.0		1.0	1.0	1.0	1.0	1.0		1.0	0.0	1.0	1.0	1.0	1.0	1.0	1.0	1.0	0.0	1.0	1.0	1.0	1.0	1.0	1.0	1.0
Learning and Support	FAQ	0.0	1.0	1.0	0.0	1.0	1.0	1.0		1.0	1.0	1.0	1.0		1.0	0.0	1.0	0.0	0.0	0.0	0.0	1.0	1.0	0.0	1.0	1.0	1.0	1.0	1.0	1.0	1.0	1.0	1.0	1.0	0.0	0.0	0.0	1.0		1.0	0.0	1.0	0.0		1.0	1.0	1.0	1.0	1.0	1.0	1.0	1.0	1.0	1.0		1.0		1.0	0.0	1.0	1.0	1.0	1.0		1.0	0.0			0.0	0.0		1.0	1.0	0.0	1.0	1.0	1.0	1.0	0.0	0.0	1.0	1.0	1.0		0.0	0.0	1.0	1.0	0.0	1.0	0.0			1.0	1.0	1.0	0.0	1.0	1.0	1.0	0.0	1.0	1.0		1.0	1.0	0.0	1.0	0.0		1.0	0.0	1.0	1.0	1.0	1.0	1.0	0.0	0.0	1.0	1.0	1.0	1.0	1.0	0.0	1.0	1.0
Learning and Support	Forums	1.0	0.0	1.0	0.0	0.0	1.0	1.0		0.0	0.0	1.0	0.0		1.0	1.0	1.0	1.0		1.0	0.0		0.0	0.0		1.0	1.0	0.0	1.0	1.0	0.0	1.0	0.0	0.0	1.0	0.0		1.0		1.0	0.0	1.0	0.0		1.0	1.0	1.0	1.0	1.0	0.0	0.0	0.0	0.0	1.0		1.0		1.0			1.0	0.0	1.0		0.0	0.0			1.0	1.0		0.0	1.0	1.0	1.0		0.0	0.0	0.0	0.0	1.0	1.0	0.0		1.0	0.0	0.0		0.0	0.0	0.0			1.0	1.0	1.0	1.0	1.0	0.0	0.0	1.0	1.0	0.0		1.0	0.0	1.0	1.0	0.0		0.0	0.0	0.0	1.0	1.0	1.0	0.0		1.0	1.0	1.0	1.0		1.0	0.0	0.0	1.0
Learning and Support	Help Desk	1.0	0.0	0.0	0.0	0.0	1.0	0.0		0.0	1.0	1.0	0.0		0.0	0.0	0.0	0.0	0.0	1.0	0.0	1.0	0.0	1.0	0.0	1.0	1.0		1.0	0.0	1.0	1.0	0.0	0.0		0.0		1.0		0.0	0.0	1.0	0.0		0.0	0.0	1.0	1.0	0.0	0.0	0.0	1.0	0.0	0.0		0.0		1.0	1.0	0.0	1.0	0.0	1.0		1.0	0.0			1.0	0.0		0.0	0.0	0.0	0.0		0.0	1.0	0.0	0.0		1.0	1.0		1.0	0.0	0.0		0.0	1.0	0.0			0.0	1.0	1.0	0.0			1.0	1.0	0.0	0.0		0.0	0.0	0.0	1.0				0.0	0.0	0.0	1.0	1.0	1.0	0.0	0.0	0.0	0.0	1.0	0.0		1.0	1.0	0.0
Learning and Support	Instructional Videos		0.0	1.0	0.0	0.0	1.0	0.0			1.0	1.0	1.0		1.0	0.0	1.0	0.0	1.0	0.0	0.0	1.0	1.0	1.0	1.0	1.0	0.0	1.0	0.0	0.0	0.0	1.0	1.0	0.0	1.0	0.0	0.0	1.0		0.0	1.0	0.0	0.0		0.0	1.0	1.0		1.0	1.0	1.0	1.0	0.0	1.0		1.0			1.0	0.0	0.0	0.0	1.0		1.0	1.0			0.0	1.0		1.0	0.0	0.0	1.0	1.0	1.0	1.0	1.0	1.0	1.0	1.0	1.0		1.0	0.0	1.0	1.0	1.0	1.0	0.0			0.0	1.0	1.0	1.0			0.0	0.0	0.0	1.0		0.0	1.0	1.0	0.0	0.0		0.0	0.0	1.0	0.0	1.0	1.0	1.0	0.0	0.0	0.0	1.0	1.0	1.0	0.0	1.0	0.0	1.0
Learning and Support	Knowledge base	0.0	0.0	1.0	0.0	1.0	1.0	1.0		1.0	1.0	1.0	0.0		1.0	1.0	1.0	0.0	0.0	0.0	1.0	1.0	0.0	1.0	0.0	0.0	0.0	1.0	1.0	0.0	0.0	1.0	1.0	0.0	0.0	0.0	1.0	1.0		1.0	0.0	1.0	1.0		0.0	1.0	0.0	1.0	1.0	1.0	1.0	1.0	0.0	0.0		0.0		0.0	0.0	0.0	1.0	1.0	1.0		1.0	1.0			0.0	1.0		1.0	0.0	0.0	0.0	0.0	1.0	1.0	0.0	0.0	1.0	0.0	1.0		0.0	0.0	1.0	0.0	0.0	0.0	0.0			0.0	1.0	1.0	0.0	0.0	1.0	0.0	0.0	1.0	0.0		0.0	0.0	1.0	1.0	1.0		0.0	0.0	1.0	1.0	1.0	1.0	1.0	0.0	0.0	1.0	0.0	1.0	0.0	0.0	0.0	0.0	1.0
Learning and Support	Live chat	1.0	1.0	1.0	0.0		0.0	0.0		0.0	1.0	1.0	1.0		0.0	1.0	0.0	0.0	1.0	0.0	0.0	1.0	0.0	0.0	0.0		0.0		0.0	0.0	0.0	1.0	0.0			0.0		0.0		1.0	1.0	0.0	0.0		0.0	1.0	0.0	0.0	1.0	0.0	0.0	1.0	0.0	1.0		1.0		1.0	0.0	1.0	0.0	1.0	0.0		0.0	1.0			0.0	0.0		0.0	0.0	0.0	0.0		1.0	0.0	0.0	1.0		0.0	0.0		1.0				0.0	0.0	0.0			0.0	0.0	0.0	1.0			0.0	0.0	0.0	0.0		0.0	0.0	1.0	0.0				0.0	0.0	1.0	1.0	0.0	1.0	0.0	1.0	0.0	1.0	0.0	0.0		0.0	0.0	1.0
Learning and Support	Mailing List							0.0		0.0	0.0	0.0					1.0	0.0		0.0	0.0			0.0							0.0	0.0	0.0												0.0	0.0				0.0	0.0	1.0	0.0	0.0		0.0		1.0				0.0	0.0			0.0				0.0								1.0	0.0			0.0			0.0				0.0	0.0				1.0		0.0	0.0	1.0	1.0	0.0						0.0		0.0				1.0		0.0		0.0	0.0		1.0	0.0							
Learning and Support	Normal business hours		0.0	0.0				0.0			0.0	1.0	1.0		0.0		0.0	0.0	0.0	0.0	0.0	0.0	0.0	0.0	0.0			0.0			0.0	1.0	0.0		0.0			1.0					0.0		0.0	1.0				0.0	0.0	1.0	0.0	0.0		0.0			1.0	0.0	0.0	0.0	0.0		0.0	0.0			1.0	0.0								1.0	0.0	0.0	0.0	1.0	0.0		0.0				0.0	1.0				0.0		0.0	0.0			0.0	0.0	0.0			0.0	0.0	1.0	0.0	0.0		1.0	0.0	0.0	0.0		0.0	0.0	0.0	0.0	0.0		0.0	0.0	1.0	0.0	0.0	
Learning and Support	On-site		1.0	0.0	0.0	0.0	1.0	0.0			1.0	0.0	0.0		0.0	0.0	0.0	0.0	0.0	0.0	0.0	0.0	0.0	0.0	0.0	0.0	0.0		0.0	1.0	0.0	1.0	0.0	0.0			0.0	1.0		1.0		0.0	1.0		0.0	0.0	0.0		0.0	0.0	1.0	1.0	0.0	0.0		0.0			1.0	0.0	0.0	0.0	1.0		0.0	1.0			1.0	0.0		0.0	0.0	1.0	0.0	1.0		1.0	0.0	0.0	0.0	1.0	1.0		1.0	0.0	1.0	0.0	0.0	0.0	0.0			0.0		0.0	1.0			0.0	0.0	0.0	0.0		0.0	0.0	1.0	1.0	1.0			1.0	1.0	0.0	1.0	1.0	0.0	0.0	0.0	0.0	1.0	0.0	0.0	0.0	0.0	0.0	1.0
Learning and Support	Online self serve	0.0	0.0	1.0						0.0	1.0	1.0	0.0		0.0	1.0	1.0	0.0	0.0	0.0	0.0	0.0	0.0	1.0	1.0		0.0		0.0	0.0	0.0	1.0	0.0					1.0		0.0		1.0	1.0		0.0		0.0	1.0	0.0	0.0	0.0	1.0	0.0					1.0	0.0	0.0	1.0	0.0	0.0		0.0				0.0	0.0		1.0	0.0	0.0	0.0			1.0	1.0	0.0	1.0	1.0	0.0		1.0				0.0	1.0	0.0			0.0		1.0	0.0			0.0	0.0	0.0	1.0		0.0		0.0		0.0				0.0	0.0	0.0	0.0	1.0	0.0	0.0	0.0	0.0	0.0	0.0	0.0	0.0	0.0	
Learning and Support	Owner's/User Manual			0.0											0.0		1.0	0.0	1.0	0.0	0.0	1.0	0.0		0.0		0.0		0.0	0.0		0.0	0.0					0.0		0.0		1.0	0.0		0.0		0.0		0.0	0.0	0.0	1.0							1.0	0.0		0.0	0.0		0.0				1.0			0.0		0.0	0.0			1.0	0.0	0.0		1.0			1.0				0.0					0.0		0.0		0.0	1.0	0.0	0.0	0.0			1.0								0.0	0.0		0.0	0.0	0.0		0.0		0.0	1.0		0.0	1.0	
Learning and Support	Phone	1.0	1.0	1.0	1.0	1.0	1.0	0.0			1.0	1.0	0.0		0.0	1.0	1.0	0.0	1.0	1.0	0.0	1.0	1.0	1.0	1.0	1.0	1.0	0.0	1.0	0.0	1.0	1.0	1.0	1.0	1.0	0.0	1.0	1.0		1.0	1.0	0.0	0.0		0.0	1.0	0.0	0.0	1.0	1.0	1.0	1.0	1.0	1.0		1.0			1.0	1.0	0.0	1.0	1.0		0.0	1.0			0.0	1.0		1.0	1.0	1.0	0.0	1.0	1.0	1.0	0.0	0.0	0.0	1.0	1.0		1.0	1.0	1.0	0.0	1.0	1.0	1.0			0.0	1.0	1.0	1.0	1.0	0.0	1.0	0.0	1.0	1.0		1.0	1.0	1.0	1.0	1.0		0.0	1.0	1.0	1.0	1.0	0.0	1.0	0.0	1.0	0.0	1.0	0.0	1.0	1.0	1.0	1.0	1.0
Learning and Support	Podcasts																0.0	0.0														1.0																		0.0													0.0																			0.0			0.0																													0.0						0.0							
Learning and Support	Recorded demos		0.0	1.0	0.0	0.0	1.0	0.0		0.0	0.0	1.0	0.0		0.0	0.0	1.0	0.0	0.0	0.0	0.0	1.0	1.0	0.0	0.0	1.0	0.0	1.0	0.0	0.0	0.0	1.0	0.0	0.0	0.0	0.0		1.0		0.0	0.0	0.0	0.0		0.0	0.0	0.0		0.0	0.0	0.0	1.0	0.0	0.0		1.0		1.0	0.0	1.0	0.0	0.0	0.0		0.0	0.0			1.0	1.0		0.0	0.0	1.0	1.0		1.0	1.0	0.0	0.0		0.0	1.0		1.0	0.0	0.0		1.0	1.0	0.0			0.0	0.0	0.0	1.0			1.0	0.0	1.0	0.0		0.0	0.0	1.0	1.0			0.0	0.0	1.0	0.0	1.0	1.0	1.0	0.0	0.0	1.0	0.0	0.0	0.0		1.0	1.0	1.0
Learning and Support	Remote Training	0.0		0.0							0.0	0.0			0.0		1.0	0.0	0.0	0.0	0.0	0.0	0.0	0.0	0.0			1.0			0.0	0.0	0.0		0.0	0.0		0.0			1.0				0.0			1.0		0.0	0.0	1.0	0.0						1.0	0.0		0.0	0.0		1.0					0.0							0.0	1.0	0.0			0.0			0.0				0.0	1.0				0.0	0.0	0.0	0.0			0.0					0.0						0.0		0.0	0.0		0.0	0.0	0.0	1.0	0.0		0.0	0.0				
Learning and Support	Request form		0.0	1.0	0.0	0.0	1.0	0.0		0.0	0.0	0.0	0.0		0.0	1.0	1.0	0.0	1.0	1.0	0.0	1.0	1.0	0.0	1.0	1.0	0.0	1.0	0.0	0.0	1.0	1.0	0.0	0.0	0.0			1.0		0.0		0.0	1.0		0.0	1.0	0.0		1.0	0.0	0.0	1.0	0.0	0.0		1.0		1.0	1.0	0.0	0.0	0.0	1.0		1.0	0.0			1.0	0.0		1.0	1.0	1.0	0.0			1.0	0.0	1.0	1.0	0.0	1.0		0.0	0.0	1.0		0.0	1.0	0.0			0.0		1.0	0.0			1.0	1.0	1.0	1.0		0.0	0.0	1.0	1.0	0.0		0.0	0.0	1.0	0.0	0.0	1.0	1.0	1.0	0.0	0.0	0.0	0.0	1.0	0.0	1.0	0.0	1.0
Learning and Support	Show More																																																																																									0.0																									0.0												
Learning and Support	System upgrades			0.0				0.0			0.0	1.0			0.0	0.0	0.0	0.0	1.0	0.0	0.0	1.0	0.0	0.0	0.0		1.0		0.0	0.0	0.0	1.0	0.0			0.0		1.0		0.0	0.0	0.0	0.0		0.0	1.0	0.0		0.0	0.0	0.0	1.0	0.0	0.0		0.0			1.0	0.0		0.0	1.0		0.0	0.0			0.0	0.0		0.0	0.0	0.0	0.0		1.0	1.0	0.0	0.0		0.0			0.0				0.0	0.0	0.0			0.0	1.0	0.0	0.0			0.0	0.0	0.0	1.0		0.0	0.0		0.0				0.0	1.0	0.0	0.0	1.0	1.0	0.0	1.0	0.0	0.0	0.0	0.0		0.0	1.0	
Learning and Support	Tips and hints		1.0	1.0	0.0		0.0	0.0			1.0	1.0	0.0		1.0	0.0	1.0	0.0	1.0	0.0	1.0	1.0	0.0	0.0	0.0		0.0		0.0	0.0	0.0	1.0	0.0					1.0		0.0		0.0	0.0		0.0	0.0	0.0		0.0	0.0	0.0	1.0	0.0	0.0		0.0			1.0	0.0	0.0	0.0	0.0		0.0	1.0			1.0	0.0		0.0	0.0	0.0	1.0			1.0	0.0	0.0		0.0	0.0		0.0				0.0	1.0	0.0			0.0		0.0	0.0			0.0	1.0	1.0	1.0		0.0	0.0	0.0	0.0				0.0	0.0	0.0	1.0	0.0	1.0	0.0	0.0	0.0	0.0	0.0	0.0		0.0	0.0	1.0
Learning and Support	Webinars		0.0	1.0	1.0	0.0	0.0	0.0			0.0	1.0	0.0		1.0	0.0	1.0	0.0	0.0	0.0	0.0	0.0	0.0	1.0	1.0	1.0	0.0	1.0	1.0	0.0	0.0	1.0	0.0	0.0	0.0	0.0	1.0	0.0		1.0	1.0	1.0			0.0	1.0	0.0		1.0	1.0	0.0	1.0	0.0	1.0		0.0			0.0	0.0	0.0	0.0	0.0		0.0	0.0				1.0		0.0	0.0	0.0	1.0	0.0	0.0	1.0	0.0		1.0	0.0	1.0		1.0	0.0	0.0	0.0	0.0	1.0	0.0			0.0	1.0	0.0	1.0	1.0	0.0	0.0			1.0		0.0	0.0	1.0	1.0	0.0		0.0	0.0	0.0	1.0	1.0	0.0	0.0	0.0	1.0	0.0	1.0	0.0	1.0	1.0			0.0
Learning and Support	White papers										0.0	0.0				0.0	1.0	0.0	0.0	0.0	0.0	0.0		0.0	0.0		0.0		0.0	0.0	0.0	0.0	0.0			0.0	1.0			1.0	1.0	0.0			0.0		0.0		1.0	0.0	0.0	1.0	0.0						1.0	0.0		1.0	1.0							1.0		0.0	0.0	0.0	0.0	0.0	0.0	1.0	0.0			0.0			1.0			1.0	0.0	0.0	0.0			0.0	0.0	0.0	1.0			0.0			0.0											0.0	0.0	0.0	0.0	0.0	0.0	0.0	1.0		0.0				
Learning and Support	Wiki			0.0	0.0	0.0	1.0				0.0	0.0			1.0	0.0	0.0	0.0	0.0	0.0	0.0	0.0	0.0	0.0	0.0	1.0	1.0	0.0	1.0	0.0	0.0	0.0	0.0	1.0	0.0			0.0		0.0		0.0			0.0		0.0		0.0	0.0	0.0	1.0	0.0						0.0	1.0		0.0	0.0		0.0					0.0		0.0	1.0	0.0	0.0			0.0	1.0			0.0			0.0	0.0	0.0		0.0	0.0	0.0			1.0		0.0	0.0	0.0	1.0	0.0			0.0		0.0						1.0		0.0	0.0	0.0	0.0	0.0	0.0	1.0	1.0	0.0	0.0	0.0				1.0
Main Functionality	Agile Project Management					1.0																				1.0								0.0																																		1.0																		1.0	1.0			1.0		1.0																																			
Main Functionality	Budgeting					0.0																				1.0								1.0																																		1.0																		0.0	1.0			1.0		1.0																																			
Main Functionality	Collaboration					1.0																				1.0								1.0																																		1.0																		0.0	1.0			1.0		1.0																																			
Main Functionality	Customization					0.0																				0.0								1.0																																		1.0																		0.0	1.0			1.0		1.0																																			
Main Functionality	Issue Tracking					0.0																				1.0								1.0																																		1.0																		1.0	1.0			1.0		1.0																																			
Main Functionality	Learning and Support					0.0																				1.0								1.0																																		1.0																		0.0	1.0			1.0		1.0																																			
Main Functionality	Notifications					1.0																				1.0								1.0																																		1.0																		0.0	0.0			1.0		1.0																																			
Main Functionality	Reporting					1.0																				1.0								1.0																																		1.0																		0.0	1.0			1.0		1.0																																			
Main Functionality	Resource Management					0.0																				1.0								1.0																																		1.0																		0.0	1.0			1.0		1.0																																			
Main Functionality	Task Management					1.0																				1.0								1.0																																		1.0																		1.0	1.0			1.0		1.0																																			
Main Functionality	Traditional Project Management					1.0																				1.0								1.0																																		1.0																		1.0	1.0			1.0		1.0																																			
Notifications	Custom Notifications			1.0	0.0		1.0			0.0	1.0	1.0		0.0	0.0	0.0	0.0	0.0	1.0	0.0	0.0	1.0	0.0	1.0	0.0		0.0		1.0	0.0	0.0	1.0	0.0			0.0	0.0	1.0	0.0	0.0	1.0	1.0	0.0	0.0	0.0		0.0		0.0	0.0	1.0	1.0	1.0		0.0			1.0	1.0	0.0		0.0	1.0	0.0	1.0			1.0	1.0	1.0	1.0	0.0	1.0	0.0	0.0	0.0	0.0	1.0	0.0	0.0		1.0		0.0	1.0			1.0	0.0	1.0	0.0	1.0		0.0	0.0	0.0	0.0			0.0	1.0	0.0	0.0	1.0	0.0					1.0			1.0	0.0	1.0	1.0	0.0	0.0	1.0	0.0	1.0	1.0	1.0		0.0	1.0	1.0
Notifications	Email Integration	1.0	1.0	1.0	0.0	0.0	1.0	1.0	1.0	0.0	1.0	1.0	1.0	1.0	1.0	1.0	1.0	1.0	1.0	1.0	1.0	1.0	1.0	1.0	1.0	1.0	0.0	0.0	0.0	0.0	1.0	1.0	1.0	1.0	1.0	0.0	1.0	1.0	1.0	1.0	1.0	1.0	1.0	0.0	1.0	1.0	1.0	1.0	1.0	0.0	0.0	1.0	0.0	0.0	0.0	1.0	0.0	1.0	1.0	1.0	1.0	0.0	1.0	0.0	1.0	1.0	1.0	1.0	1.0	1.0	1.0	1.0	0.0	0.0	1.0	1.0	1.0	1.0	0.0	1.0	1.0	1.0	1.0	0.0	1.0	0.0	0.0	0.0	0.0	1.0	0.0	1.0	0.0	0.0	1.0	1.0	0.0			1.0	1.0	1.0	1.0	1.0	0.0	1.0	0.0	1.0	0.0	1.0	0.0	1.0	1.0	0.0	1.0	1.0	1.0	1.0	1.0	0.0	1.0	1.0	1.0	0.0	0.0	1.0	1.0
Notifications	Notification Groups			0.0	1.0	1.0	0.0		0.0	1.0	1.0	0.0		0.0	0.0	0.0	0.0	0.0	0.0	0.0	0.0	1.0	0.0	0.0	0.0	0.0	0.0		0.0	0.0	0.0	1.0		1.0		0.0		0.0		0.0	0.0	1.0			0.0		0.0		0.0	0.0	0.0	1.0	0.0				0.0	0.0	1.0	0.0			1.0		1.0		1.0	1.0		1.0		0.0	1.0	0.0	0.0		0.0					0.0			1.0	0.0	0.0		0.0	0.0	0.0	0.0	0.0	0.0	1.0	1.0	0.0	1.0	0.0				0.0	0.0	0.0					1.0			0.0	1.0	1.0			0.0	1.0	0.0	0.0	0.0	0.0				0.0
Notifications	SMS Notifications			0.0				1.0			0.0	1.0		0.0	0.0	0.0			0.0	0.0	0.0	1.0	0.0	0.0	0.0		0.0		0.0	0.0	0.0							1.0		0.0		1.0	0.0		0.0	0.0	0.0		0.0		0.0	0.0	0.0	0.0		0.0			0.0	0.0					0.0	0.0			0.0	0.0		0.0	0.0	0.0	0.0					1.0									0.0	0.0	0.0			0.0		1.0	0.0	1.0	0.0		1.0	0.0	0.0	0.0	0.0	0.0		0.0		1.0		0.0	0.0		1.0			0.0	0.0		1.0	0.0	1.0		0.0	0.0	
Reporting	Custom Reports	0.0	0.0	1.0	1.0	0.0	1.0	0.0	0.0	1.0	1.0	1.0	0.0	0.0	1.0	0.0	1.0	1.0	1.0	1.0	0.0	1.0	0.0	1.0	0.0	0.0	1.0	1.0	1.0	0.0	1.0	1.0	0.0	0.0	1.0	0.0		0.0	0.0	0.0	1.0	0.0	1.0	0.0	0.0	0.0	1.0	1.0	1.0	1.0	1.0	1.0	0.0	0.0	0.0	0.0	1.0	1.0	1.0	0.0	0.0	1.0	1.0	0.0	1.0	0.0	0.0	0.0	0.0	1.0	1.0	1.0	1.0	0.0	1.0		0.0	1.0	0.0	1.0	1.0	1.0	0.0	0.0	1.0	0.0	1.0		0.0	1.0	0.0	1.0	1.0	0.0	1.0	0.0	0.0			1.0	0.0	0.0	0.0	1.0	1.0	1.0	1.0	0.0	1.0	1.0	1.0	0.0	0.0	1.0	1.0	1.0	1.0	0.0	0.0	0.0	0.0	1.0	1.0	1.0	1.0	1.0	1.0
Reporting	Dashboard	0.0	1.0	1.0	1.0	1.0	1.0	1.0	1.0	1.0	1.0	1.0	1.0	1.0	1.0	1.0	1.0	0.0	1.0	1.0	1.0	1.0	1.0	1.0	1.0	1.0	1.0	1.0	1.0	0.0	1.0	1.0	1.0	1.0	1.0	1.0	1.0	1.0	1.0	1.0	1.0	0.0	1.0	1.0	1.0	1.0	1.0	1.0	1.0	1.0	1.0	1.0	1.0	1.0	1.0	1.0	1.0	1.0	1.0	1.0	1.0	1.0	1.0	1.0	1.0	1.0	1.0	1.0	1.0	1.0	1.0	0.0	1.0	1.0	1.0	1.0	1.0	1.0	1.0	1.0	1.0	1.0	1.0	0.0	1.0	1.0	1.0	0.0	0.0	1.0	1.0	1.0	1.0	1.0	1.0	1.0	1.0	1.0	0.0	1.0	1.0	1.0	1.0	1.0	1.0	1.0	1.0	1.0	1.0	1.0	1.0	1.0	1.0	1.0	1.0	1.0	1.0	1.0	1.0	1.0	1.0	1.0	1.0	1.0	1.0	1.0	1.0
Reporting	Financial Reports	1.0	1.0	1.0	1.0		1.0	0.0	1.0	0.0	0.0	1.0	0.0	0.0	1.0	1.0	1.0	0.0	0.0	1.0	0.0	1.0	0.0	0.0	1.0		1.0	0.0	0.0	0.0	0.0	1.0	1.0		1.0	0.0		1.0	1.0	0.0	1.0	0.0	0.0	1.0	0.0	1.0	1.0	0.0	1.0	1.0	1.0	1.0	0.0	1.0	1.0	0.0	1.0	1.0	1.0	0.0	0.0	0.0	1.0	1.0	1.0	0.0	1.0	0.0	1.0	1.0	1.0	1.0	0.0	0.0	1.0		0.0	1.0	0.0	0.0	1.0	1.0	1.0	1.0	1.0				0.0	1.0	0.0	1.0	1.0	1.0	0.0	0.0	1.0	1.0	0.0	1.0	0.0	1.0	1.0	1.0	1.0	1.0	1.0	0.0	1.0	1.0	1.0	1.0	1.0	1.0	1.0	1.0	1.0	0.0	1.0	0.0	0.0	0.0	1.0	1.0	1.0	1.0	0.0
Reporting	Resource Reports	1.0	1.0	1.0	1.0		0.0	0.0	1.0	0.0	0.0	0.0	0.0	1.0	1.0	0.0	1.0	0.0	0.0	1.0	0.0	1.0	0.0	1.0	1.0		1.0	0.0	0.0	0.0	0.0	1.0	1.0		1.0	0.0		1.0	0.0	0.0	1.0	0.0	0.0	0.0	0.0	1.0	1.0	1.0	0.0	0.0	1.0	1.0	0.0	0.0	1.0	0.0	1.0	1.0	1.0	1.0	0.0	0.0	1.0	0.0	1.0	0.0	0.0	0.0	1.0	1.0	1.0	1.0	1.0	0.0	1.0		0.0	1.0	0.0	1.0	1.0	1.0	0.0	1.0	1.0				1.0	1.0	0.0	1.0	1.0	1.0	1.0	1.0	1.0			1.0	0.0	1.0	1.0	1.0	1.0	1.0	1.0	0.0	1.0	1.0	1.0	0.0	1.0	1.0	1.0	1.0	1.0	1.0	1.0	0.0	1.0	1.0	1.0	0.0	1.0	1.0	1.0
Resource Management	Allocate Resource by Skill Sets	1.0	1.0	1.0	1.0	0.0	1.0	0.0	1.0		0.0	0.0	1.0	1.0	0.0	0.0	1.0	0.0	0.0	1.0	0.0	1.0	1.0	1.0	1.0	0.0	1.0	1.0	0.0	0.0	0.0	1.0	0.0	0.0	1.0	0.0	1.0	1.0	1.0	0.0	1.0	0.0	0.0	1.0	0.0	1.0	0.0	1.0	1.0	0.0	0.0	1.0	1.0	1.0	1.0	1.0	1.0		1.0	1.0	0.0	1.0	1.0	1.0	0.0	0.0	0.0		1.0	1.0	1.0	1.0	1.0	1.0	1.0	0.0	1.0	0.0	1.0	1.0	1.0	1.0	0.0	1.0	1.0	0.0	1.0	1.0	0.0	1.0	0.0		0.0	1.0	0.0	0.0	1.0			1.0	0.0	0.0	0.0	1.0	1.0	1.0	1.0	1.0	1.0	1.0	0.0	0.0	1.0	1.0	0.0	1.0	1.0	1.0	1.0	0.0	0.0	0.0	1.0	1.0	0.0	1.0	1.0
Resource Management	Cross Project Resource Allocation			0.0	1.0		1.0		0.0	0.0	0.0	0.0		0.0	0.0	1.0	1.0	0.0	0.0	0.0	0.0	1.0	0.0	1.0	1.0		0.0		0.0	0.0	0.0	1.0	0.0			0.0	0.0	1.0	0.0	0.0	1.0	0.0	1.0	0.0	0.0		0.0		0.0	0.0	1.0	1.0	1.0		1.0		1.0	1.0	1.0	0.0		0.0	1.0	0.0	0.0		1.0		1.0	1.0	1.0	1.0	1.0	0.0	1.0	0.0	0.0	1.0	0.0	0.0	0.0	1.0		1.0	1.0			1.0	0.0	1.0	0.0		1.0	1.0	1.0	0.0	0.0			1.0	0.0	0.0	1.0	0.0	1.0				1.0	1.0			1.0	1.0	1.0	1.0	1.0	0.0	1.0	0.0	0.0	0.0	0.0	0.0	1.0	1.0	1.0
Resource Management	Forecast Resource Needs	0.0	0.0	0.0	1.0	0.0	0.0	0.0	1.0		0.0	1.0	1.0	1.0	0.0	0.0	1.0	0.0	0.0	0.0	1.0	0.0	1.0	1.0	1.0	1.0	0.0	0.0	0.0	0.0	0.0	1.0	1.0	0.0	1.0	0.0		1.0	0.0	0.0	1.0	0.0	1.0	0.0	0.0	0.0	0.0	1.0	1.0	0.0	1.0	1.0	0.0	0.0	0.0	0.0	1.0		1.0	1.0	0.0	0.0	1.0	0.0	0.0	0.0	1.0	0.0	1.0	1.0	1.0	1.0	1.0	0.0	1.0		0.0	1.0	0.0	0.0	0.0	1.0	0.0	1.0	1.0	0.0	0.0		0.0	1.0	0.0	1.0	1.0	1.0	0.0	0.0	1.0			1.0	1.0	1.0	0.0	1.0	1.0	1.0	0.0	0.0	0.0	1.0	1.0	0.0	1.0	1.0	0.0	0.0	1.0	0.0	1.0	0.0	0.0	0.0	1.0	1.0	1.0	1.0	1.0
Resource Management	User/Role Based Permissions	1.0	1.0	0.0	1.0	1.0	1.0	0.0	1.0		1.0	0.0	0.0	0.0	1.0	1.0	0.0	0.0	0.0	0.0	0.0	1.0	0.0	1.0	1.0	0.0	0.0	1.0	0.0	0.0	0.0	1.0	1.0	0.0	1.0	0.0		0.0	0.0	1.0	1.0	0.0	1.0	1.0	1.0	0.0	0.0	1.0	0.0	0.0	0.0	1.0	0.0	0.0	1.0	0.0	0.0		1.0	1.0	0.0	0.0	1.0	1.0	0.0	1.0	1.0	1.0	1.0	1.0	1.0	1.0	0.0	0.0	0.0		1.0	1.0	1.0	0.0	1.0	1.0	1.0	0.0	1.0	0.0	0.0		0.0	1.0	0.0	1.0	0.0	1.0	0.0	1.0	1.0			1.0	0.0	1.0	1.0	1.0	1.0	0.0	1.0	1.0	1.0	0.0	1.0	1.0	1.0	0.0	1.0	0.0	1.0	0.0	1.0	0.0	1.0	0.0	1.0	1.0	0.0	1.0	1.0
Task Management	Add Recurring Tasks	1.0	1.0	1.0	1.0	1.0	0.0	1.0	0.0		0.0	1.0	1.0	1.0	1.0	0.0	0.0	0.0	1.0	1.0	0.0	1.0	0.0	0.0	0.0	1.0	0.0	1.0	1.0	0.0	0.0	1.0	1.0	0.0	1.0		0.0	1.0	1.0	0.0		0.0	0.0	1.0	0.0	1.0	0.0	1.0	0.0	0.0	0.0	1.0	0.0	1.0	1.0	1.0	1.0		1.0	1.0	0.0	1.0	0.0	1.0	1.0	1.0	1.0		0.0	1.0	1.0	1.0	0.0	0.0	0.0	1.0		1.0	1.0	1.0	1.0	1.0	1.0	0.0	1.0	1.0	1.0	1.0	1.0	1.0	1.0		1.0	0.0		1.0	1.0	1.0	0.0	1.0	1.0	1.0	1.0	0.0	1.0	1.0	0.0	1.0	1.0	0.0	1.0	1.0	1.0	1.0	1.0	1.0	1.0	1.0	0.0	0.0	1.0	1.0	1.0	0.0	1.0	1.0	1.0
Task Management	Assign Stakeholders	1.0		0.0	0.0		0.0		0.0		1.0	0.0		1.0	1.0	0.0	0.0	0.0	0.0	0.0	0.0	1.0	0.0	1.0	1.0		0.0	0.0	1.0	0.0	0.0	1.0	0.0		0.0		1.0	0.0		1.0		0.0	0.0		1.0		0.0	1.0	0.0	0.0	0.0	1.0	0.0				1.0		0.0	0.0		0.0	1.0		1.0		0.0		1.0	0.0		1.0	1.0	0.0	1.0	0.0		1.0	0.0	0.0	1.0	1.0			1.0			1.0	0.0	1.0	0.0		0.0	0.0		0.0	0.0			0.0	1.0	1.0	0.0	0.0	0.0				1.0	0.0	1.0		0.0	0.0	1.0	0.0	0.0	0.0	0.0	0.0	1.0	0.0	0.0	0.0	1.0	1.0	1.0
Task Management	Group Tasks by Projects	1.0	1.0	1.0	1.0	1.0	0.0	0.0	0.0		1.0	1.0	0.0	1.0	1.0	1.0	1.0	0.0	1.0	1.0	1.0	1.0	0.0	0.0	1.0	1.0	1.0	0.0	1.0	0.0	0.0	1.0	0.0	1.0	1.0		1.0	1.0	0.0	1.0		0.0	1.0	1.0	1.0	1.0	0.0	1.0	1.0	1.0	1.0	1.0	1.0	1.0	1.0	1.0	0.0		1.0	1.0	1.0	1.0	1.0	1.0	1.0	0.0	1.0		1.0	1.0	1.0	0.0	1.0	0.0	0.0	1.0		1.0	1.0	1.0	1.0	1.0	0.0	1.0	1.0	1.0	1.0	1.0	0.0	1.0	1.0		0.0	1.0		1.0	1.0			1.0	1.0	1.0	1.0	0.0	1.0	0.0	1.0	1.0	1.0	0.0	1.0	1.0	0.0	1.0	1.0	1.0	1.0	0.0	0.0	0.0	0.0	1.0	1.0	0.0	0.0	0.0	0.0
Task Management	Set Priorities	0.0	1.0	1.0	0.0	1.0	1.0	0.0	1.0		1.0	1.0	1.0	1.0	1.0	0.0	1.0	0.0	1.0	1.0	1.0	1.0	1.0	1.0	1.0	0.0	1.0	1.0	1.0	0.0	0.0	1.0	0.0	1.0	1.0		0.0	1.0	0.0	1.0		1.0	0.0	1.0	0.0	1.0	0.0	1.0	1.0	0.0	0.0	1.0	0.0	0.0	1.0	1.0	0.0		1.0	1.0	1.0	1.0	1.0	1.0	1.0	1.0	1.0		1.0	0.0	1.0	1.0	0.0	0.0	0.0	0.0		1.0	0.0	0.0	1.0	1.0	1.0	1.0	1.0	0.0	1.0	1.0	1.0	1.0	0.0		0.0	1.0		1.0	0.0	1.0	0.0	1.0	0.0	1.0	1.0	0.0	1.0	1.0	0.0	1.0	0.0	1.0	1.0	0.0	1.0	1.0	1.0	1.0	1.0	1.0	0.0	1.0	1.0	1.0	1.0	0.0	1.0	1.0	1.0
Task Management	Task History	0.0	1.0	1.0	1.0	1.0	1.0	1.0	1.0		1.0	1.0	1.0	1.0	1.0	1.0	1.0	0.0	1.0	1.0	1.0	1.0	1.0	1.0	1.0	1.0	1.0	0.0	1.0	0.0	0.0	1.0	1.0	1.0	1.0		1.0	1.0	1.0	1.0		0.0	1.0	1.0	1.0	1.0	1.0	1.0	1.0	1.0	1.0	1.0	1.0	1.0	1.0	1.0	0.0		1.0	1.0	1.0	1.0	1.0	1.0	1.0	1.0	1.0		1.0	1.0	1.0	1.0	1.0	1.0	1.0	1.0		1.0	1.0	1.0	1.0	1.0	1.0	1.0	1.0	1.0	1.0	1.0	1.0	1.0	1.0		1.0	0.0		1.0	0.0	1.0	1.0	1.0	1.0	1.0	1.0	1.0	1.0	1.0	1.0	1.0	1.0	1.0	1.0	1.0	1.0	1.0	1.0	1.0	1.0	1.0	0.0	0.0	1.0	1.0	1.0	0.0	1.0	1.0	1.0
Task Management	To-Do List	0.0	0.0	1.0	1.0	1.0	1.0	0.0	1.0		1.0	0.0	1.0	1.0	1.0	1.0	1.0	0.0	1.0	1.0	1.0	1.0	0.0	1.0	1.0	0.0	0.0	1.0	0.0	0.0	0.0	1.0	1.0	0.0	1.0		1.0	1.0	0.0	1.0		0.0	1.0	1.0	1.0	1.0	1.0	1.0	1.0	1.0	0.0	1.0	1.0	1.0	0.0	0.0	0.0		1.0	0.0	1.0	1.0	0.0	0.0	1.0	1.0	0.0		1.0	1.0	0.0	0.0	1.0	0.0	1.0	1.0		1.0	0.0	0.0	1.0	1.0	1.0	0.0	0.0	1.0	0.0	1.0	1.0	1.0	1.0		1.0	1.0		1.0	1.0	1.0	0.0	1.0	0.0	0.0	0.0	1.0	1.0	1.0	1.0	0.0	1.0	1.0	1.0	1.0	1.0	0.0	1.0	1.0	1.0	1.0	1.0	0.0	1.0	1.0	1.0	0.0	1.0	1.0	0.0
Traditional Project Management	Calendar	1.0	1.0	1.0		0.0		0.0	1.0	1.0	1.0	0.0	1.0	1.0	1.0	1.0	1.0	1.0	1.0	1.0	1.0	1.0	1.0	1.0	1.0	1.0	1.0	1.0	1.0	1.0	0.0	1.0	1.0	1.0	1.0	1.0	1.0	1.0	1.0	1.0	1.0	0.0	1.0	1.0	1.0	1.0	1.0	1.0	1.0	0.0	1.0	1.0	1.0	1.0	1.0	1.0	1.0	1.0	1.0	1.0	1.0	1.0	1.0	1.0	1.0	1.0	1.0		1.0	1.0	1.0	1.0	1.0	1.0	1.0	1.0	1.0	1.0	1.0	1.0		1.0	1.0	0.0	1.0	1.0	1.0	1.0	0.0	1.0	1.0		1.0	1.0	1.0	1.0	1.0	1.0	1.0	1.0	1.0	1.0	1.0	1.0	1.0	1.0	1.0	1.0		1.0	1.0	1.0	1.0	1.0	1.0	1.0	1.0	1.0	1.0	1.0	1.0	1.0	1.0		1.0	1.0	
Traditional Project Management	Cross Project Dependencies			1.0		0.0		0.0	0.0		0.0	0.0		0.0	0.0	0.0	0.0	0.0	0.0	0.0	0.0	1.0	0.0	0.0	0.0	1.0	1.0		0.0	0.0	1.0	1.0	0.0	0.0		0.0		1.0		1.0	0.0	0.0	0.0		0.0	1.0	0.0		1.0	0.0	0.0	1.0	1.0	0.0		0.0	1.0		1.0	0.0		0.0	1.0		0.0	0.0	0.0		1.0	1.0		0.0	0.0	0.0	1.0		0.0	1.0	0.0	1.0		1.0			1.0	0.0	0.0		0.0	1.0	0.0		0.0	0.0	1.0	1.0	0.0			0.0	0.0	0.0	1.0	0.0	0.0	0.0		0.0		1.0		0.0	0.0	0.0	1.0	0.0	1.0	0.0	0.0	0.0	0.0	0.0	0.0		0.0	0.0	
Traditional Project Management	Gate Review Process	0.0									0.0	0.0					0.0	0.0		0.0	0.0			0.0							0.0	0.0	0.0						0.0					1.0	0.0			1.0		0.0	0.0	1.0	0.0		0.0							0.0	1.0	0.0						0.0	0.0							1.0	0.0			0.0		0.0	1.0				0.0	1.0				0.0		0.0	0.0			0.0														0.0		0.0	0.0		0.0	0.0							
Traditional Project Management	Interactive Gantt Charts	1.0	1.0	1.0		0.0		0.0	1.0	1.0	0.0	0.0	1.0	0.0	1.0	1.0	1.0	1.0	1.0	1.0	1.0	1.0	1.0	1.0	1.0	1.0	1.0	0.0	0.0	1.0	0.0	1.0	0.0	1.0	1.0	0.0	0.0	1.0	1.0	1.0	1.0	1.0	0.0	1.0	0.0	1.0	1.0	1.0	1.0	0.0	1.0	1.0	1.0	1.0	1.0	1.0	1.0	1.0	1.0	1.0	0.0	1.0	1.0	1.0	1.0	0.0	1.0		1.0	1.0	1.0	1.0	0.0	1.0	1.0	1.0	1.0	1.0	0.0	1.0		1.0	1.0	0.0	1.0	0.0	1.0	1.0	0.0	1.0	0.0		1.0	1.0	1.0	1.0	1.0	1.0	0.0	1.0	0.0	0.0	1.0	0.0	1.0	1.0	1.0	1.0		1.0	1.0	1.0	1.0	1.0	1.0	0.0	1.0	0.0	1.0	1.0	1.0	1.0	1.0		1.0	1.0	
Traditional Project Management	Mind Maps			0.0				0.0			0.0	0.0			0.0		0.0	0.0	0.0	1.0	0.0	1.0	1.0	1.0	0.0		0.0	0.0	0.0	0.0	0.0	1.0			0.0			0.0		0.0		0.0	0.0		0.0	0.0	1.0		1.0	0.0	1.0	1.0	0.0	1.0		0.0			0.0	1.0			1.0		0.0	0.0			0.0	0.0		0.0		0.0	0.0					0.0		1.0			0.0				0.0	0.0				0.0		0.0	0.0				0.0	0.0			0.0	0.0		0.0			1.0	0.0	0.0	0.0				0.0	0.0	0.0		0.0	0.0		0.0	1.0	
Traditional Project Management	Project Hierarchy		0.0	1.0		1.0		0.0	1.0		1.0	1.0	0.0	1.0	1.0	0.0	1.0	0.0	1.0	1.0	1.0	1.0	0.0	1.0	0.0	0.0	1.0	1.0	0.0	1.0	0.0	1.0	1.0	0.0	1.0	0.0	0.0	1.0	0.0	0.0	1.0	0.0	0.0	1.0	0.0	1.0	1.0		0.0	1.0	0.0	1.0	0.0	1.0	0.0	1.0	0.0		1.0	0.0	0.0	0.0	1.0	0.0	1.0	0.0	1.0		1.0	0.0	0.0	0.0	1.0	1.0	0.0	0.0	0.0	1.0	0.0	1.0		1.0	0.0	0.0	1.0	0.0	0.0	1.0	0.0	1.0	0.0		0.0	1.0	0.0	0.0	0.0	1.0	0.0	1.0	0.0	0.0	0.0	0.0	0.0	0.0	1.0	1.0		1.0	1.0	0.0	0.0	0.0	1.0	0.0	1.0	1.0	1.0	0.0	0.0	0.0	0.0		0.0	0.0	
Traditional Project Management	Project Portfolio Management										1.0	0.0		0.0		0.0	1.0	0.0	0.0	0.0	0.0	1.0		1.0	0.0			0.0			0.0	0.0	0.0		1.0	0.0			0.0		1.0		0.0	1.0	0.0					0.0	0.0	1.0	0.0		0.0				1.0	0.0		1.0	1.0	0.0					1.0	1.0	1.0		1.0				0.0	1.0	0.0	0.0		1.0		1.0	1.0				0.0	1.0	0.0			0.0	0.0	0.0	0.0			0.0	0.0	0.0	0.0	1.0						0.0	1.0			0.0	1.0	0.0	1.0	0.0	0.0	0.0	0.0		0.0		0.0	0.0	
Traditional Project Management	Project Templates	0.0	1.0	1.0		0.0		1.0	1.0	0.0	1.0	1.0	1.0	1.0	1.0	0.0	1.0	1.0	1.0	1.0	0.0	1.0	0.0	1.0	1.0	1.0	1.0	1.0	0.0	0.0	1.0	1.0	1.0	0.0	0.0	0.0	0.0	1.0	1.0	0.0	1.0	1.0	1.0	1.0	1.0	1.0	1.0	1.0	1.0	0.0	0.0	1.0	0.0	1.0	1.0	1.0	0.0	1.0	1.0	0.0	0.0	1.0	1.0	1.0	0.0	1.0	1.0		1.0	1.0	1.0	1.0	1.0	1.0	1.0	1.0	1.0	1.0	0.0	1.0		1.0	1.0	0.0	1.0	0.0	1.0	0.0	0.0	1.0	0.0		1.0	1.0	1.0	1.0	1.0			1.0	0.0	1.0	1.0	0.0	1.0	1.0	1.0	1.0		1.0	1.0	1.0	0.0	1.0	1.0	0.0	1.0	1.0	1.0	1.0	1.0	0.0	0.0		1.0	1.0	
Traditional Project Management	Risk/Benefit Analyzer		1.0	0.0				0.0	1.0		0.0	0.0	0.0	1.0	0.0	0.0	1.0	0.0	0.0	0.0	0.0	0.0	0.0	1.0	1.0		0.0	0.0	0.0	0.0	0.0	1.0	0.0		1.0	0.0		1.0	1.0	0.0	1.0	0.0	1.0	1.0	0.0	0.0	0.0		0.0	0.0	0.0	1.0	0.0	1.0	1.0	0.0	0.0		0.0	1.0	0.0	0.0	1.0	1.0	0.0	0.0	0.0		1.0	0.0	1.0	0.0	0.0	0.0	1.0		0.0	1.0	0.0	0.0		1.0	0.0	1.0	1.0				0.0	0.0	1.0		0.0	1.0	1.0	1.0	1.0			0.0	0.0	0.0	0.0	0.0	1.0	1.0	0.0	0.0		0.0	0.0	0.0	0.0	1.0	0.0	0.0	1.0	0.0	0.0	0.0	1.0	0.0	0.0		0.0	1.0	
Traditional Project Management	Scheduling	1.0	1.0	1.0		0.0		0.0	1.0	1.0	0.0	1.0	1.0	1.0	1.0	0.0	1.0	0.0	1.0	1.0	1.0	1.0	1.0	1.0	1.0	0.0	1.0	1.0	1.0	1.0	1.0	1.0	1.0	1.0	1.0	1.0	0.0	1.0	1.0	1.0	1.0	0.0	1.0	1.0	1.0	1.0	0.0	1.0	0.0	0.0	1.0	1.0	1.0	1.0	1.0	1.0	1.0	1.0	1.0	1.0	1.0	1.0	1.0	1.0	0.0	1.0	1.0		1.0	1.0	1.0	0.0	1.0	1.0	1.0	1.0	1.0	1.0	0.0	1.0		1.0	0.0	1.0	1.0	0.0	1.0	1.0	1.0	1.0	0.0		1.0	1.0	1.0	1.0	1.0	1.0	1.0	1.0	0.0	1.0	1.0	1.0	1.0	1.0	1.0	1.0		1.0	1.0	1.0	1.0	1.0	1.0	0.0	1.0	1.0	0.0	1.0	1.0	1.0	1.0		1.0	1.0	
Traditional Project Management	Supports Multiple Projects	0.0	1.0	1.0		0.0		0.0	0.0	0.0	1.0	1.0	0.0	1.0	1.0	0.0	1.0	0.0	0.0	0.0	0.0	1.0	0.0	1.0	0.0	0.0		1.0			1.0	0.0	0.0	0.0	0.0	0.0		0.0	0.0		1.0		0.0	1.0	0.0	0.0		1.0		0.0	1.0	0.0	0.0	0.0	1.0	0.0	0.0	1.0	1.0	1.0	1.0	0.0	1.0	0.0	0.0	0.0	1.0		1.0	0.0	0.0		0.0				1.0	1.0	1.0	0.0		1.0	0.0	0.0	1.0	1.0	0.0		0.0	0.0	0.0		0.0	1.0	1.0	1.0	0.0			0.0	0.0	0.0	0.0	1.0	0.0	0.0	0.0	0.0		1.0	1.0	1.0	1.0	0.0	1.0	1.0	1.0	1.0	0.0	0.0	0.0	1.0	1.0		0.0	1.0	
